{
  "schema_version": "1.0.0",
  "exported_at": "2026-02-17T00:39:30.824063+00:00",
  "data": {
    "model": "fusion",
    "roc_curve": {
      "fpr": [
        0.0,
        0.0,
        0.0,
        0.0,
        0.0,
        0.0,
        0.0,
        0.0,
        0.0,
        0.005347068923227864,
        0.41285258768702476,
        0.6450821682609762,
        0.6700024527839097,
        0.6716703458425313,
        0.7391219033603139,
        0.7391709590385087,
        0.9396124601422615,
        0.9416237429482462,
        1.0
      ],
      "tpr": [
        0.0,
        0.010800873262093532,
        0.011145581983224176,
        0.022750775594622543,
        0.4159485234976445,
        0.7237734114673101,
        0.9931058255773871,
        0.9955187866253016,
        0.9990807767436516,
        0.9990807767436516,
        0.9991956796506951,
        0.9996552912788693,
        0.999770194185913,
        0.999770194185913,
        0.999770194185913,
        0.999770194185913,
        0.9998850970929565,
        1.0,
        1.0
      ]
    },
    "auc": 0.9994527724391751,
    "pr_curve": {
      "precision": [
        0.29919554455445546,
        0.31195784644060504,
        0.3123923032739805,
        0.36606504270268,
        0.3660804442948502,
        0.3885589246639575,
        0.38914978308511117,
        0.39816933638443935,
        0.5081813931743806,
        0.9876192639709223,
        1.0,
        1.0,
        1.0,
        1.0,
        1.0,
        1.0,
        1.0,
        1.0,
        1.0
      ],
      "recall": [
        1.0,
        1.0,
        0.9998850970929565,
        0.999770194185913,
        0.999770194185913,
        0.999770194185913,
        0.999770194185913,
        0.9996552912788693,
        0.9991956796506951,
        0.9990807767436516,
        0.9990807767436516,
        0.9955187866253016,
        0.9931058255773871,
        0.7237734114673101,
        0.4159485234976445,
        0.022750775594622543,
        0.011145581983224176,
        0.010800873262093532,
        0.0
      ]
    },
    "pr_auc": 0.9994950781449238
  }
}