{
  "schema_version": "1.0.0",
  "exported_at": "2026-02-17T16:48:45.675321+00:00",
  "data": {
    "model": "fusion",
    "roc_curve": {
      "fpr": [
        0.0,
        0.0,
        0.5542540073982737,
        0.9969173859432799,
        1.0
      ],
      "tpr": [
        0.0,
        0.9721115537848606,
        0.9721115537848606,
        0.9721115537848606,
        1.0
      ]
    },
    "auc": 0.9721545384430219,
    "pr_curve": {
      "precision": [
        0.13400961025093433,
        0.13111230521225148,
        0.21347331583552057,
        1.0,
        1.0
      ],
      "recall": [
        1.0,
        0.9721115537848606,
        0.9721115537848606,
        0.9721115537848606,
        0.0
      ]
    },
    "pr_auc": 0.9758084729247855
  }
}