{
  "schema_version": "1.0.0",
  "exported_at": "2026-02-17T16:48:45.647204+00:00",
  "data": {
    "model": "fusion",
    "roc_curve": {
      "fpr": [
        0.0,
        0.0,
        0.0,
        0.0,
        0.0,
        0.0,
        0.0,
        0.0,
        0.1369634535197449,
        0.6164336521952416,
        0.6166298749080206,
        0.9133676723080697,
        0.9134167279862644,
        1.0
      ],
      "tpr": [
        0.0,
        0.000574514535217741,
        0.009996552912788694,
        0.015741698264966103,
        0.8879696656325405,
        0.9692060209123291,
        0.9990807767436516,
        0.9991956796506951,
        0.9993105825577387,
        0.9998850970929565,
        0.9998850970929565,
        1.0,
        1.0,
        1.0
      ]
    },
    "auc": 0.9996878118735314,
    "pr_curve": {
      "precision": [
        0.29919554455445546,
        0.3185228562017348,
        0.3185345143108118,
        0.4090823617901467,
        0.4091593003573444,
        0.7569849421185482,
        1.0,
        1.0,
        1.0,
        1.0,
        1.0,
        1.0,
        1.0,
        1.0
      ],
      "recall": [
        1.0,
        1.0,
        1.0,
        0.9998850970929565,
        0.9998850970929565,
        0.9993105825577387,
        0.9991956796506951,
        0.9990807767436516,
        0.9692060209123291,
        0.8879696656325405,
        0.015741698264966103,
        0.009996552912788694,
        0.000574514535217741,
        0.0
      ]
    },
    "pr_auc": 0.9996734070453062
  }
}