{
  "schema_version": "1.0.0",
  "exported_at": "2026-02-17T16:48:45.656524+00:00",
  "data": {
    "model": "fusion",
    "roc_curve": {
      "fpr": [
        0.0,
        0.0,
        0.0,
        0.0,
        0.0,
        0.0,
        0.21146732429099876,
        0.23612823674475955,
        0.562268803945746,
        0.5635018495684341,
        0.6171393341553637,
        1.0
      ],
      "tpr": [
        0.0,
        0.7290836653386454,
        0.7370517928286853,
        0.8047808764940239,
        0.9561752988047809,
        0.9960159362549801,
        1.0,
        1.0,
        1.0,
        1.0,
        1.0,
        1.0
      ]
    },
    "auc": 0.9995787503500179,
    "pr_curve": {
      "precision": [
        0.13400961025093433,
        0.20047923322683706,
        0.21545064377682405,
        0.21582115219260534,
        0.39589905362776023,
        0.4225589225589226,
        1.0,
        1.0,
        1.0,
        1.0,
        1.0,
        1.0
      ],
      "recall": [
        1.0,
        1.0,
        1.0,
        1.0,
        1.0,
        1.0,
        0.9960159362549801,
        0.9561752988047809,
        0.8047808764940239,
        0.7370517928286853,
        0.7290836653386454,
        0.0
      ]
    },
    "pr_auc": 0.9988497189692409
  }
}