{
  "schema_version": "1.0.0",
  "exported_at": "2026-02-17T00:39:30.841490+00:00",
  "data": {
    "model": "fusion",
    "roc_curve": {
      "fpr": [
        0.0,
        0.0,
        0.7792848335388409,
        0.7792848335388409,
        1.0
      ],
      "tpr": [
        0.0,
        0.9920318725099602,
        0.9920318725099602,
        1.0,
        1.0
      ]
    },
    "auc": 0.993790559095308,
    "pr_curve": {
      "precision": [
        0.13400961025093433,
        0.16567656765676567,
        0.16457369464639787,
        1.0,
        1.0
      ],
      "recall": [
        1.0,
        1.0,
        0.9920318725099602,
        0.9920318725099602,
        0.0
      ]
    },
    "pr_auc": 0.9933476106067856
  }
}