{
  "schema_version": "1.0.0",
  "exported_at": "2026-02-17T16:48:45.638642+00:00",
  "data": {
    "model": "fusion",
    "roc_curve": {
      "fpr": [
        0.0,
        0.0,
        0.0,
        0.0003433897473632573,
        0.44807456463085604,
        0.7992151091488839,
        0.8069168506254599,
        0.8071130733382389,
        1.0
      ],
      "tpr": [
        0.0,
        0.9977019418591291,
        0.9980466505802597,
        0.9980466505802597,
        0.9981615534873032,
        0.9996552912788693,
        0.9996552912788693,
        0.9996552912788693,
        1.0
      ]
    },
    "auc": 0.9987312120571337,
    "pr_curve": {
      "precision": [
        0.29919554455445546,
        0.3458831948475331,
        0.3459382082786592,
        0.3481113956466069,
        0.4874586162392683,
        0.999194754400092,
        1.0,
        1.0,
        1.0
      ],
      "recall": [
        1.0,
        0.9996552912788693,
        0.9996552912788693,
        0.9996552912788693,
        0.9981615534873032,
        0.9980466505802597,
        0.9980466505802597,
        0.9977019418591291,
        0.0
      ]
    },
    "pr_auc": 0.9988673043630565
  }
}