{
  "schema_version": "1.0.0",
  "exported_at": "2026-02-18T01:56:03.214351+00:00",
  "data": {
    "model": "fusion",
    "roc_curve": {
      "fpr": [
        0.0,
        7.287301876480233e-05,
        0.00014574603752960465,
        0.00014574603752960465,
        0.002586992166150483,
        0.002586992166150483,
        0.002586992166150483,
        0.003497904900710512,
        0.008963381308070686,
        0.9325560211331755,
        0.9329932592457643,
        0.9349243942430315,
        0.9374020768810348,
        0.9390781563126253,
        0.9411186008380397,
        0.9982146110402623,
        1.0
      ],
      "tpr": [
        0.0,
        0.03365949119373777,
        0.03679060665362035,
        0.03718199608610567,
        0.7479452054794521,
        0.7596868884540118,
        0.7600782778864971,
        0.7604696673189824,
        0.7616438356164383,
        0.949119373776908,
        0.949119373776908,
        0.9499021526418787,
        0.9581213307240705,
        0.9585127201565558,
        0.9604696673189824,
        0.9925636007827788,
        1.0
      ]
    },
    "auc": 0.8615486942573993,
    "pr_curve": {
      "precision": [
        0.08516666666666667,
        0.08472537752238407,
        0.08676590177845349,
        0.08677627382892779,
        0.08688553682342502,
        0.08641315958128605,
        0.08651136242017766,
        0.08654841357650166,
        0.8877737226277372,
        0.9529180971064247,
        0.964729259811227,
        0.9647117296222664,
        0.9641775983854692,
        0.9595959595959596,
        0.9591836734693877,
        0.9772727272727273,
        1.0
      ],
      "recall": [
        1.0,
        0.9925636007827788,
        0.9604696673189824,
        0.9585127201565558,
        0.9581213307240705,
        0.9499021526418787,
        0.949119373776908,
        0.949119373776908,
        0.7616438356164383,
        0.7604696673189824,
        0.7600782778864971,
        0.7596868884540118,
        0.7479452054794521,
        0.03718199608610567,
        0.03679060665362035,
        0.03365949119373777,
        0.0
      ]
    },
    "pr_auc": 0.8292136089365557
  }
}