{
  "schema_version": "1.0.0",
  "exported_at": "2026-02-17T16:48:45.732538+00:00",
  "data": {
    "model": "fusion",
    "roc_curve": {
      "fpr": [
        0.0,
        0.0009109127345600292,
        0.0012752778283840408,
        0.003497904900710512,
        0.8398251047549645,
        0.9775915467298233,
        0.9778830388048825,
        0.9794862452177081,
        1.0
      ],
      "tpr": [
        0.0,
        0.9835616438356164,
        0.9835616438356164,
        0.9835616438356164,
        0.9964774951076321,
        0.9992172211350293,
        0.9992172211350293,
        0.9996086105675147,
        1.0
      ]
    },
    "auc": 0.99084587962618,
    "pr_curve": {
      "precision": [
        0.08516666666666667,
        0.08676450604701726,
        0.08686332550780851,
        0.08688697546200183,
        0.09947255323305333,
        0.9632042928325029,
        0.9862637362637363,
        0.9901497241922774,
        1.0
      ],
      "recall": [
        1.0,
        0.9996086105675147,
        0.9992172211350293,
        0.9992172211350293,
        0.9964774951076321,
        0.9835616438356164,
        0.9835616438356164,
        0.9835616438356164,
        0.0
      ]
    },
    "pr_auc": 0.9859030662466713
  }
}