{
  "schema_version": "1.0.0",
  "exported_at": "2026-02-17T16:48:45.762064+00:00",
  "data": {
    "model": "fusion",
    "roc_curve": {
      "fpr": [
        0.0,
        0.0019707499222072398,
        0.0020053244822459634,
        0.989489333748228,
        0.9999308508799225,
        1.0
      ],
      "tpr": [
        0.0,
        0.861652739090065,
        0.8681522748375116,
        0.9860724233983287,
        1.0,
        1.0
      ]
    },
    "auc": 0.9268255279418142,
    "pr_curve": {
      "precision": [
        0.0359,
        0.035902393492899524,
        0.03578046561773525,
        0.9415911379657603,
        0.9421319796954315,
        1.0
      ],
      "recall": [
        1.0,
        1.0,
        0.9860724233983287,
        0.8681522748375116,
        0.861652739090065,
        0.0
      ]
    },
    "pr_auc": 0.9009684194627448
  }
}