{
  "schema_version": "1.0.0",
  "exported_at": "2026-02-18T01:56:03.260945+00:00",
  "data": {
    "model": "fusion",
    "roc_curve": {
      "fpr": [
        0.0,
        4.1626774341256295e-05,
        0.0005411480664363319,
        0.0007909087124838696,
        0.023186113308079757,
        0.5448112225783625,
        0.8504766265662074,
        1.0
      ],
      "tpr": [
        0.0,
        0.0,
        0.5152838427947598,
        0.5152838427947598,
        0.5218340611353712,
        0.7882096069868996,
        0.8973799126637555,
        1.0
      ]
    },
    "auc": 0.753010988195992,
    "pr_curve": {
      "precision": [
        0.018708386095339244,
        0.019719796564629116,
        0.02684214439735296,
        0.30025125628140703,
        0.9254901960784314,
        0.9477911646586346,
        0.0,
        1.0
      ],
      "recall": [
        1.0,
        0.8973799126637555,
        0.7882096069868996,
        0.5218340611353712,
        0.5152838427947598,
        0.5152838427947598,
        0.0,
        0.0
      ]
    },
    "pr_auc": 0.2962833577865105
  }
}