{
  "schema_version": "1.0.0",
  "exported_at": "2026-02-17T16:48:45.791194+00:00",
  "data": {
    "model": "fusion",
    "roc_curve": {
      "fpr": [
        0.0,
        0.00045789451775381923,
        0.025933480414602673,
        0.026016733963285184,
        0.02930524913624443,
        0.14103151146817633,
        0.998709569995421,
        1.0
      ],
      "tpr": [
        0.0,
        0.4432314410480349,
        0.5218340611353712,
        0.5240174672489083,
        0.5414847161572053,
        0.5698689956331878,
        0.9890829694323144,
        1.0
      ]
    },
    "auc": 0.7460963083595107,
    "pr_curve": {
      "precision": [
        0.018708386095339244,
        0.018531397013704234,
        0.07152644560153466,
        0.2605042016806723,
        0.2774566473988439,
        0.27726218097447797,
        0.9485981308411215,
        1.0
      ],
      "recall": [
        1.0,
        0.9890829694323144,
        0.5698689956331878,
        0.5414847161572053,
        0.5240174672489083,
        0.5218340611353712,
        0.4432314410480349,
        0.0
      ]
    },
    "pr_auc": 0.5091140835365268
  }
}