{
  "schema_version": "1.0.0",
  "exported_at": "2026-02-17T16:48:45.742260+00:00",
  "data": {
    "model": "fusion",
    "roc_curve": {
      "fpr": [
        0.0,
        0.0,
        0.0,
        0.0004494692805034056,
        0.0004494692805034056,
        0.0005531929606195762,
        0.9339625903260381,
        0.9339625903260381,
        0.971994606368634,
        0.9720291809286726,
        0.9998617017598451,
        0.9998962763198839,
        1.0
      ],
      "tpr": [
        0.0,
        0.0009285051067780873,
        0.009285051067780872,
        0.49025069637883006,
        0.5376044568245125,
        0.9229340761374187,
        0.9870009285051068,
        0.9879294336118849,
        0.9990714948932219,
        0.9990714948932219,
        1.0,
        1.0,
        1.0
      ]
    },
    "auc": 0.957340915852166,
    "pr_curve": {
      "precision": [
        0.0359,
        0.035903590359035904,
        0.035904787304974,
        0.036861939020212404,
        0.03686320189112337,
        0.03789578658688606,
        0.037861518734862515,
        0.9841584158415841,
        0.9780405405405406,
        0.9759704251386322,
        1.0,
        1.0,
        1.0
      ],
      "recall": [
        1.0,
        1.0,
        1.0,
        0.9990714948932219,
        0.9990714948932219,
        0.9879294336118849,
        0.9870009285051068,
        0.9229340761374187,
        0.5376044568245125,
        0.49025069637883006,
        0.009285051067780872,
        0.0009285051067780873,
        0.0
      ]
    },
    "pr_auc": 0.942007805825993
  }
}