{
  "schema_version": "1.0.0",
  "exported_at": "2026-02-17T16:48:45.752682+00:00",
  "data": {
    "model": "fusion",
    "roc_curve": {
      "fpr": [
        0.0,
        0.0016250043218200049,
        0.004702140165266397,
        0.1372610033537323,
        0.2536735470041144,
        0.6357915845520866,
        0.743906233793175,
        0.9500051861840058,
        0.9505929537046641,
        0.9832659129412579,
        1.0
      ],
      "tpr": [
        0.0,
        0.022284122562674095,
        0.8690807799442897,
        0.8941504178272981,
        0.9127205199628597,
        0.9526462395543176,
        0.9647168059424327,
        0.9916434540389972,
        0.9916434540389972,
        0.9972144846796658,
        1.0
      ]
    },
    "auc": 0.9348558467170108,
    "pr_curve": {
      "precision": [
        0.0359,
        0.03639074306237929,
        0.03739233947202577,
        0.03741460851287441,
        0.04606517401906451,
        0.05284573783157353,
        0.11814903846153846,
        0.19521589296574093,
        0.8731343283582089,
        0.3380281690140845,
        1.0
      ],
      "recall": [
        1.0,
        0.9972144846796658,
        0.9916434540389972,
        0.9916434540389972,
        0.9647168059424327,
        0.9526462395543176,
        0.9127205199628597,
        0.8941504178272981,
        0.8690807799442897,
        0.022284122562674095,
        0.0
      ]
    },
    "pr_auc": 0.5494543778628801
  }
}