{
  "schema_version": "1.0.0",
  "exported_at": "2026-02-17T16:48:45.704858+00:00",
  "data": {
    "model": "fusion",
    "roc_curve": {
      "fpr": [
        0.0,
        0.006902648848991806,
        0.0072086776156958755,
        0.022952157502805264,
        0.8457274983848482,
        0.949403243904927,
        0.9495052534938284,
        0.9496412662790302,
        0.995409568499439,
        1.0
      ],
      "tpr": [
        0.0,
        0.0,
        0.0,
        0.7732656514382402,
        0.9627749576988156,
        0.9949238578680203,
        0.9949238578680203,
        0.9949238578680203,
        1.0,
        1.0
      ]
    },
    "auc": 0.8722349748592104,
    "pr_curve": {
      "precision": [
        0.0197,
        0.019789050728277247,
        0.020620002805442558,
        0.020622895622895623,
        0.02062506576870462,
        0.02236547305530443,
        0.4037102473498233,
        0.0,
        0.0,
        1.0
      ],
      "recall": [
        1.0,
        1.0,
        0.9949238578680203,
        0.9949238578680203,
        0.9949238578680203,
        0.9627749576988156,
        0.7732656514382402,
        0.0,
        0.0,
        0.0
      ]
    },
    "pr_auc": 0.19725390111886712
  }
}