{
  "schema_version": "1.0.0",
  "exported_at": "2026-02-18T01:56:03.253233+00:00",
  "data": {
    "model": "fusion",
    "roc_curve": {
      "fpr": [
        0.0,
        4.1626774341256295e-05,
        0.0012071764558964325,
        0.0012071764558964325,
        0.002372726137451609,
        0.008699995837322566,
        0.3151979353119927,
        0.3609873870873746,
        0.9994172251592224,
        0.9999167464513175,
        1.0
      ],
      "tpr": [
        0.0,
        0.002183406113537118,
        0.7139737991266376,
        0.7205240174672489,
        0.7205240174672489,
        0.7205240174672489,
        0.740174672489083,
        0.8384279475982532,
        1.0,
        1.0,
        1.0
      ]
    },
    "auc": 0.853244807059901,
    "pr_curve": {
      "precision": [
        0.018708386095339244,
        0.01870991462069529,
        0.018719091020558302,
        0.04240282685512368,
        0.0428517254455821,
        0.6122448979591837,
        0.8527131782945736,
        0.9192200557103064,
        0.9185393258426966,
        0.5,
        1.0
      ],
      "recall": [
        1.0,
        1.0,
        1.0,
        0.8384279475982532,
        0.740174672489083,
        0.7205240174672489,
        0.7205240174672489,
        0.7205240174672489,
        0.7139737991266376,
        0.002183406113537118,
        0.0
      ]
    },
    "pr_auc": 0.5280703545375035
  }
}