{
  "schema_version": "1.0.0",
  "exported_at": "2026-02-18T01:56:03.185011+00:00",
  "data": {
    "model": "fusion",
    "roc_curve": {
      "fpr": [
        0.0,
        3.4003196300452245e-05,
        6.800639260090449e-05,
        0.0003740351593049747,
        0.00044204155190587913,
        0.00044204155190587913,
        0.004182393144955626,
        0.0630759291373389,
        0.07531707980550172,
        0.6867965588765343,
        0.6913189839844945,
        0.6941752524737326,
        0.6980176136556836,
        0.852256112074535,
        0.8913257846237547,
        1.0
      ],
      "tpr": [
        0.0,
        0.5279187817258884,
        0.571912013536379,
        0.7766497461928934,
        0.8849407783417935,
        0.8934010152284264,
        0.8934010152284264,
        0.8934010152284264,
        0.8934010152284264,
        0.9103214890016921,
        0.9103214890016921,
        0.9120135363790186,
        0.9120135363790186,
        0.9949238578680203,
        0.9966159052453468,
        1.0
      ]
    },
    "auc": 0.9233336089260749,
    "pr_curve": {
      "precision": [
        0.0197,
        0.02197597194239236,
        0.022922189302978326,
        0.025585038211420705,
        0.02572301231268493,
        0.025779864871340267,
        0.025945216049382717,
        0.19248997448049582,
        0.22156945027276542,
        0.8110599078341014,
        0.9759704251386322,
        0.9757462686567164,
        0.9765957446808511,
        0.9941176470588236,
        0.9968051118210862,
        1.0
      ],
      "recall": [
        1.0,
        0.9966159052453468,
        0.9949238578680203,
        0.9120135363790186,
        0.9120135363790186,
        0.9103214890016921,
        0.9103214890016921,
        0.8934010152284264,
        0.8934010152284264,
        0.8934010152284264,
        0.8934010152284264,
        0.8849407783417935,
        0.7766497461928934,
        0.571912013536379,
        0.5279187817258884,
        0.0
      ]
    },
    "pr_auc": 0.8905862422825354
  }
}