{
  "schema_version": "1.0.0",
  "exported_at": "2026-02-18T01:56:03.192529+00:00",
  "data": {
    "model": "fusion",
    "roc_curve": {
      "fpr": [
        0.0,
        3.4003196300452245e-05,
        6.800639260090449e-05,
        0.0006120575334081404,
        0.003978373967152913,
        0.027950627358971743,
        0.0630759291373389,
        0.06317793872624027,
        0.06321194192254072,
        0.811656295691795,
        0.8247135230711687,
        0.9580740589615424,
        0.9716753374817233,
        1.0
      ],
      "tpr": [
        0.0,
        0.0,
        0.0,
        0.6717428087986463,
        0.6852791878172588,
        0.688663282571912,
        0.6971235194585449,
        0.6971235194585449,
        0.6971235194585449,
        0.9509306260575296,
        0.9526226734348562,
        0.9915397631133672,
        0.9949238578680203,
        1.0
      ]
    },
    "auc": 0.8439332112785437,
    "pr_curve": {
      "precision": [
        0.0197,
        0.02016184336853655,
        0.020374104721507545,
        0.022686061973647097,
        0.023002619515389653,
        0.1814178775869661,
        0.1814977973568282,
        0.18173797970886635,
        0.33116354759967453,
        0.7758620689655172,
        0.9566265060240964,
        0.0,
        0.0,
        1.0
      ],
      "recall": [
        1.0,
        0.9949238578680203,
        0.9915397631133672,
        0.9526226734348562,
        0.9509306260575296,
        0.6971235194585449,
        0.6971235194585449,
        0.6971235194585449,
        0.688663282571912,
        0.6852791878172588,
        0.6717428087986463,
        0.0,
        0.0,
        0.0
      ]
    },
    "pr_auc": 0.3640600633403324
  }
}