{
  "schema_version": "1.0.0",
  "exported_at": "2026-02-18T01:56:03.207292+00:00",
  "data": {
    "model": "fusion",
    "roc_curve": {
      "fpr": [
        0.0,
        0.0,
        3.643650938240116e-05,
        0.0001093095281472035,
        0.0001093095281472035,
        0.00018218254691200583,
        0.002404809619238477,
        0.18538895973765712,
        0.9999635634906175,
        1.0
      ],
      "tpr": [
        0.0,
        0.0003913894324853229,
        0.7228962818003913,
        0.7240704500978473,
        0.7424657534246575,
        0.989041095890411,
        0.989041095890411,
        0.9906066536203523,
        1.0,
        1.0
      ]
    },
    "auc": 0.9942345890856611,
    "pr_curve": {
      "precision": [
        0.08516666666666667,
        0.08516950565018834,
        0.3321958262239139,
        0.9745468569224837,
        0.9980252764612955,
        0.998421052631579,
        0.9983810037776578,
        0.9994588744588745,
        1.0,
        1.0
      ],
      "recall": [
        1.0,
        1.0,
        0.9906066536203523,
        0.989041095890411,
        0.989041095890411,
        0.7424657534246575,
        0.7240704500978473,
        0.7228962818003913,
        0.0003913894324853229,
        0.0
      ]
    },
    "pr_auc": 0.9913599265289825
  }
}