{
  "gat": {
    "core": {
      "accuracy": 0.9997249724972497,
      "precision": 1.0,
      "recall": 0.9990807767436516,
      "f1": 0.9995401770318427,
      "specificity": 1.0,
      "balanced_accuracy": 0.9995403883718258,
      "mcc": 0.9993442079056306,
      "fpr": 0.0,
      "fnr": 0.0009192232563483856,
      "n_samples": 29088,
      "auc": 0.9999425682747183
    },
    "additional": {
      "kappa": 0.9993439928740414,
      "tpr": 0.9990807767436516,
      "tnr": 1.0,
      "detection_rate": 0.9990807767436516,
      "miss_rate": 0.0009192232563483856,
      "pr_auc": 0.9999192930153252,
      "detection_at_fpr": {
        "0.05": 0.999770194185913,
        "0.01": 0.9996552912788693,
        "0.001": 0.9996552912788693
      }
    }
  },
  "vgae": {
    "core": {
      "accuracy": 0.7553974147414741,
      "precision": 0.5593068419480132,
      "recall": 0.860392967942089,
      "f1": 0.6779231361187814,
      "specificity": 0.7105714986509688,
      "balanced_accuracy": 0.7854822332965289,
      "mcc": 0.5245552678696671,
      "fpr": 0.28942850134903114,
      "fnr": 0.13960703205791106,
      "n_samples": 29088,
      "auc": 0.8759606997674407,
      "optimal_threshold": 0.02511250227689743,
      "youden_j": 0.5710793695001013
    },
    "additional": {
      "kappa": 0.4946639675188086,
      "tpr": 0.860392967942089,
      "tnr": 0.7105714986509688,
      "detection_rate": 0.860392967942089,
      "miss_rate": 0.13960703205791106,
      "pr_auc": 0.7673236253364406,
      "detection_at_fpr": {
        "0.05": 0.4523727450304493,
        "0.01": 0.284844306560956,
        "0.001": 0.20337814546708033
      }
    }
  },
  "fusion": {
    "core": {
      "accuracy": 0.9997249724972497,
      "precision": 1.0,
      "recall": 0.9990807767436516,
      "f1": 0.9995401770318427,
      "specificity": 1.0,
      "balanced_accuracy": 0.9995403883718258,
      "mcc": 0.9993442079056306,
      "fpr": 0.0,
      "fnr": 0.0009192232563483856,
      "n_samples": 29088,
      "auc": 0.9995560187746332
    },
    "additional": {
      "kappa": 0.9993439928740414,
      "tpr": 0.9990807767436516,
      "tnr": 1.0,
      "detection_rate": 0.9990807767436516,
      "miss_rate": 0.0009192232563483856,
      "pr_auc": 0.9995925243351732,
      "detection_at_fpr": {
        "0.05": 0.9990807767436516,
        "0.01": 0.9990807767436516,
        "0.001": 0.0
      }
    }
  },
  "test": {
    "gat": {
      "test_01_DoS": {
        "core": {
          "accuracy": 0.9997999399819946,
          "precision": 0.9997613934621808,
          "recall": 0.9997613934621808,
          "f1": 0.9997613934621808,
          "specificity": 0.9998277643816741,
          "balanced_accuracy": 0.9997945789219275,
          "mcc": 0.999589157843855,
          "fpr": 0.0001722356183258698,
          "fnr": 0.00023860653781913624,
          "n_samples": 9997,
          "auc": 0.9999998767103663
        },
        "additional": {
          "kappa": 0.999589157843855,
          "tpr": 0.9997613934621808,
          "tnr": 0.9998277643816741,
          "detection_rate": 0.9997613934621808,
          "miss_rate": 0.00023860653781913624,
          "pr_auc": 0.9999998293025817,
          "detection_at_fpr": {
            "0.05": 0.9997613934621808,
            "0.01": 0.9997613934621808,
            "0.001": 0.9997613934621808
          }
        }
      },
      "test_02_fuzzing": {
        "core": {
          "accuracy": 0.9994998499549865,
          "precision": 1.0,
          "recall": 0.9990245805696449,
          "f1": 0.9995120523079926,
          "specificity": 1.0,
          "balanced_accuracy": 0.9995122902848225,
          "mcc": 0.9989995746314256,
          "fpr": 0.0,
          "fnr": 0.0009754194303550526,
          "n_samples": 9997,
          "auc": 0.999791138890195
        },
        "additional": {
          "kappa": 0.9989990742062174,
          "tpr": 0.9990245805696449,
          "tnr": 1.0,
          "detection_rate": 0.9990245805696449,
          "miss_rate": 0.0009754194303550526,
          "pr_auc": 0.9998848197733522,
          "detection_at_fpr": {
            "0.05": 0.999414748341787,
            "0.01": 0.0,
            "0.001": 0.0
          }
        }
      },
      "test_03_gear_spoofing": {
        "core": {
          "accuracy": 0.9987996398919676,
          "precision": 0.9998189717595944,
          "recall": 0.9980122876761836,
          "f1": 0.9989148128052089,
          "specificity": 0.9997759354694152,
          "balanced_accuracy": 0.9988941115727994,
          "mcc": 0.9975739746293587,
          "fpr": 0.00022406453058480843,
          "fnr": 0.0019877123238164077,
          "n_samples": 9997,
          "auc": 0.9997763808452439
        },
        "additional": {
          "kappa": 0.9975719325408361,
          "tpr": 0.9980122876761836,
          "tnr": 0.9997759354694152,
          "detection_rate": 0.9980122876761836,
          "miss_rate": 0.0019877123238164077,
          "pr_auc": 0.9998676232508519,
          "detection_at_fpr": {
            "0.05": 0.9992771955186122,
            "0.01": 0.9990964943982653,
            "0.001": 0.9987350921575714
          }
        }
      },
      "test_04_rpm_spoofing": {
        "core": {
          "accuracy": 0.9998999699909973,
          "precision": 1.0,
          "recall": 0.9998154981549815,
          "f1": 0.9999077405664729,
          "specificity": 1.0,
          "balanced_accuracy": 0.9999077490774908,
          "mcc": 0.9997985309343946,
          "fpr": 0.0,
          "fnr": 0.00018450184501845018,
          "n_samples": 9997,
          "auc": 1.0
        },
        "additional": {
          "kappa": 0.9997985106395029,
          "tpr": 0.9998154981549815,
          "tnr": 1.0,
          "detection_rate": 0.9998154981549815,
          "miss_rate": 0.00018450184501845018,
          "pr_auc": 1.0,
          "detection_at_fpr": {
            "0.05": 0.0,
            "0.01": 0.0,
            "0.001": 0.0
          }
        }
      }
    },
    "vgae": {
      "test_01_DoS": {
        "core": {
          "accuracy": 0.77333199959988,
          "precision": 0.6989047323827237,
          "recall": 0.8069673109043187,
          "f1": 0.7490586932447397,
          "specificity": 0.7490527040992078,
          "balanced_accuracy": 0.7780100075017633,
          "mcc": 0.5489961405097656,
          "fpr": 0.2509472959007923,
          "fnr": 0.19303268909568122,
          "n_samples": 9997,
          "auc": 0.8699043469705642,
          "threshold_from_val": 0.02511250227689743
        },
        "additional": {
          "kappa": 0.5443149690664778,
          "tpr": 0.8069673109043187,
          "tnr": 0.7490527040992078,
          "detection_rate": 0.8069673109043187,
          "miss_rate": 0.19303268909568122,
          "pr_auc": 0.8298968860571485,
          "detection_at_fpr": {
            "0.05": 0.479837747554283,
            "0.01": 0.24671916010498687,
            "0.001": 0.0572655690765927
          }
        }
      },
      "test_02_fuzzing": {
        "core": {
          "accuracy": 0.7829348804641393,
          "precision": 0.7026323005209761,
          "recall": 0.999804916113929,
          "f1": 0.8252818035426731,
          "specificity": 0.5547115582016013,
          "balanced_accuracy": 0.7772582371577652,
          "mcc": 0.6240320805022314,
          "fpr": 0.44528844179839866,
          "fnr": 0.00019508388607101054,
          "n_samples": 9997,
          "auc": 0.9997288209828399,
          "threshold_from_val": 0.02511250227689743
        },
        "additional": {
          "kappa": 0.5607240484351292,
          "tpr": 0.999804916113929,
          "tnr": 0.5547115582016013,
          "detection_rate": 0.999804916113929,
          "miss_rate": 0.00019508388607101054,
          "pr_auc": 0.9997994152435937,
          "detection_at_fpr": {
            "0.05": 0.9990245805696449,
            "0.01": 0.9982442450253609,