{
  "gat": {
    "core": {
      "accuracy": 0.9997249724972497,
      "precision": 0.9996552120445926,
      "recall": 0.9994254854647823,
      "f1": 0.9995403355550448,
      "specificity": 0.9998528329654157,
      "balanced_accuracy": 0.999639159215099,
      "mcc": 0.9993441359054916,
      "fpr": 0.00014716703458425313,
      "fnr": 0.000574514535217741,
      "n_samples": 29088,
      "auc": 0.9999992728734359
    },
    "additional": {
      "kappa": 0.9993441224713291,
      "tpr": 0.9994254854647823,
      "tnr": 0.9998528329654157,
      "detection_rate": 0.9994254854647823,
      "miss_rate": 0.000574514535217741,
      "pr_auc": 0.9999983113928179,
      "detection_at_fpr": {
        "0.05": 1.0,
        "0.01": 0.9998850970929565,
        "0.001": 0.999770194185913
      }
    }
  },
  "vgae": {
    "core": {
      "accuracy": 0.7568069306930693,
      "precision": 0.5753957234101639,
      "recall": 0.7142364701826956,
      "f1": 0.6373423561980929,
      "specificity": 0.774981604120677,
      "balanced_accuracy": 0.7446090371516862,
      "mcc": 0.4636312202880678,
      "fpr": 0.22501839587932304,
      "fnr": 0.28576352981730435,
      "n_samples": 29088,
      "auc": 0.8342214226084673,
      "optimal_threshold": 0.02088797278702259,
      "youden_j": 0.48933297721041613
    },
    "additional": {
      "kappa": 0.4575811042317758,
      "tpr": 0.7142364701826956,
      "tnr": 0.774981604120677,
      "detection_rate": 0.7142364701826956,
      "miss_rate": 0.28576352981730435,
      "pr_auc": 0.7347801646928795,
      "detection_at_fpr": {
        "0.05": 0.44249109502470413,
        "0.01": 0.2872572676088705,
        "0.001": 0.19430081581064002
      }
    }
  },
  "fusion": {
    "core": {
      "accuracy": 0.9997937293729373,
      "precision": 0.9996552912788693,
      "recall": 0.9996552912788693,
      "f1": 0.9996552912788693,
      "specificity": 0.9998528329654157,
      "balanced_accuracy": 0.9997540621221426,
      "mcc": 0.9995081242442851,
      "fpr": 0.00014716703458425313,
      "fnr": 0.0003447087211306446,
      "n_samples": 29088,
      "auc": 0.9998820702172596
    },
    "additional": {
      "kappa": 0.9995081242442851,
      "tpr": 0.9996552912788693,
      "tnr": 0.9998528329654157,
      "detection_rate": 0.9996552912788693,
      "miss_rate": 0.0003447087211306446,
      "pr_auc": 0.9994809475769617,
      "detection_at_fpr": {
        "0.05": 0.9998850970929565,
        "0.01": 0.9993105825577387,
        "0.001": 0.9993105825577387
      }
    }
  },
  "test": {
    "gat": {
      "test_01_DoS": {
        "core": {
          "accuracy": 0.9997999399819946,
          "precision": 0.9995230145480563,
          "recall": 1.0,
          "f1": 0.9997614503816794,
          "specificity": 0.9996555287633483,
          "balanced_accuracy": 0.9998277643816742,
          "mcc": 0.9995892694597982,
          "fpr": 0.0003444712366517396,
          "fnr": 0.0,
          "n_samples": 9997,
          "auc": 1.0
        },
        "additional": {
          "kappa": 0.9995891851100169,
          "tpr": 1.0,
          "tnr": 0.9996555287633483,
          "detection_rate": 1.0,
          "miss_rate": 0.0,
          "pr_auc": 1.0,
          "detection_at_fpr": {
            "0.05": 0.0,
            "0.01": 0.0,
            "0.001": 0.0
          }
        }
      },
      "test_02_fuzzing": {
        "core": {
          "accuracy": 0.9994998499549865,
          "precision": 1.0,
          "recall": 0.9990245805696449,
          "f1": 0.9995120523079926,
          "specificity": 1.0,
          "balanced_accuracy": 0.9995122902848225,
          "mcc": 0.9989995746314256,
          "fpr": 0.0,
          "fnr": 0.0009754194303550526,
          "n_samples": 9997,
          "auc": 0.9998225381442865
        },
        "additional": {
          "kappa": 0.9989990742062174,
          "tpr": 0.9990245805696449,
          "tnr": 1.0,
          "detection_rate": 0.9990245805696449,
          "miss_rate": 0.0009754194303550526,
          "pr_auc": 0.9999082382684845,
          "detection_at_fpr": {
            "0.05": 0.9996098322278579,
            "0.01": 0.9996098322278579,
            "0.001": 0.0
          }
        }
      },
      "test_03_gear_spoofing": {
        "core": {
          "accuracy": 0.998999699909973,
          "precision": 0.9996382054992764,
          "recall": 0.9985543910372244,
          "f1": 0.9990960043391792,
          "specificity": 0.9995518709388304,
          "balanced_accuracy": 0.9990531309880274,
          "mcc": 0.9979771705674527,
          "fpr": 0.00044812906116961686,
          "fnr": 0.0014456089627755693,
          "n_samples": 9997,
          "auc": 0.9998094196339966
        },
        "additional": {
          "kappa": 0.9979764349913801,
          "tpr": 0.9985543910372244,
          "tnr": 0.9995518709388304,
          "detection_rate": 0.9985543910372244,
          "miss_rate": 0.0014456089627755693,
          "pr_auc": 0.9998822867609464,
          "detection_at_fpr": {
            "0.05": 0.9994578966389591,
            "0.01": 0.9990964943982653,
            "0.001": 0.9985543910372244
          }
        }
      },
      "test_04_rpm_spoofing": {
        "core": {
          "accuracy": 0.9998999699909973,
          "precision": 0.9998155321896329,
          "recall": 1.0,
          "f1": 0.9999077575869385,
          "specificity": 0.9997815162770374,
          "balanced_accuracy": 0.9998907581385187,
          "mcc": 0.9997985240886708,
          "fpr": 0.00021848372296263927,
          "fnr": 0.0,
          "n_samples": 9997,
          "auc": 1.0
        },
        "additional": {
          "kappa": 0.9997985037923997,
          "tpr": 1.0,
          "tnr": 0.9997815162770374,
          "detection_rate": 1.0,
          "miss_rate": 0.0,
          "pr_auc": 1.0,
          "detection_at_fpr": {
            "0.05": 0.0,
            "0.01": 0.0,
            "0.001": 0.0
          }
        }
      }
    },
    "vgae": {
      "test_01_DoS": {
        "core": {
          "accuracy": 0.6753025907772332,
          "precision": 0.6267095736122285,
          "recall": 0.5576234788833214,
          "f1": 0.5901515151515152,
          "specificity": 0.7602480192903892,
          "balanced_accuracy": 0.6589357490868553,
          "mcc": 0.32433084188833883,
          "fpr": 0.23975198070961073,
          "fnr": 0.4423765211166786,
          "n_samples": 9997,
          "auc": 0.7055945260388938,
          "threshold_from_val": 0.02088797278702259
        },
        "additional": {
          "kappa": 0.32282088546266163,
          "tpr": 0.5576234788833214,
          "tnr": 0.7602480192903892,
          "detection_rate": 0.5576234788833214,
          "miss_rate": 0.4423765211166786,
          "pr_auc": 0.6703713317709867,
          "detection_at_fpr": {
            "0.05": 0.3020758768790265,
            "0.01": 0.10236220472440945,
            "0.001": 0.014077785731329038
          }
        }
      },
      "test_02_fuzzing": {
        "core": {
          "accuracy": 0.8224467340202061,
          "precision": 0.7429317094388864,
          "recall": 0.9996098322278579,
          "f1": 0.8523662979289695,
          "specificity": 0.6360090330527612,
          "balanced_accuracy": 0.8178094326403096,
          "mcc": 0.6868852403766279,
          "fpr": 0.36399096694723876,
          "fnr": 0.0003901677721420211,
          "n_samples": 9997,
          "auc": 0.9995519198280922,
          "threshold_from_val": 0.02088797278702259
        },
        "additional": {
          "kappa": 0.6414194818817737,
          "tpr": 0.9996098322278579,
          "tnr": 0.6360090330527612,
          "detection_rate": 0.9996098322278579,
          "miss_rate": 0.0003901677721420211,
          "pr_auc": 0.9996940759411123,
          "detection_at_fpr": {
            "0.05": 0.9988294966835739,
            "0.01": 0.9978540772532188,