{
  "gat": {
    "core": {
      "accuracy": 0.8637236084452975,
      "precision": 0.12142703632065334,
      "recall": 0.9495798319327731,
      "f1": 0.21532012195121952,
      "specificity": 0.8619991223036154,
      "balanced_accuracy": 0.9057894771181942,
      "mcc": 0.3124023943509443,
      "fpr": 0.13800087769638456,
      "fnr": 0.05042016806722689,
      "n_samples": 30218,
      "auc": 0.9809196068124445
    },
    "additional": {
      "kappa": 0.1869312768076974,
      "tpr": 0.9495798319327731,
      "tnr": 0.8619991223036154,
      "detection_rate": 0.9495798319327731,
      "miss_rate": 0.05042016806722689,
      "pr_auc": 0.8716755503078232,
      "detection_at_fpr": {
        "0.05": 0.907563025210084,
        "0.01": 0.8453781512605042,
        "0.001": 0.7798319327731092
      }
    }
  },
  "vgae": {
    "core": {
      "accuracy": 0.7786087762260904,
      "precision": 0.05775649397765201,
      "recall": 0.66890756302521,
      "f1": 0.10633181939620626,
      "specificity": 0.7808122067312561,
      "balanced_accuracy": 0.724859884878233,
      "mcc": 0.14891704580363066,
      "fpr": 0.21918779326874388,
      "fnr": 0.3310924369747899,
      "n_samples": 30218,
      "auc": 0.7759777846931906,
      "optimal_threshold": 0.05386059731245041,
      "youden_j": 0.4514004420253737
    },
    "additional": {
      "kappa": 0.0727173865170091,
      "tpr": 0.66890756302521,
      "tnr": 0.7808122067312561,
      "detection_rate": 0.66890756302521,
      "miss_rate": 0.3310924369747899,
      "pr_auc": 0.30210114670609006,
      "detection_at_fpr": {
        "0.05": 0.4336134453781513,
        "0.01": 0.292436974789916,
        "0.001": 0.18487394957983194
      }
    }
  },
  "fusion": {
    "core": {
      "accuracy": 0.99,
      "precision": 0.7729831144465291,
      "recall": 0.6971235194585449,
      "f1": 0.7330960854092526,
      "specificity": 0.9958856132476452,
      "balanced_accuracy": 0.846504566353095,
      "mcc": 0.729023051805362,
      "fpr": 0.004114386752354721,
      "fnr": 0.30287648054145516,
      "n_samples": 30000,
      "auc": 0.851014765269492
    },
    "additional": {
      "kappa": 0.7280144565756042,
      "tpr": 0.6971235194585449,
      "tnr": 0.9958856132476452,
      "detection_rate": 0.6971235194585449,
      "miss_rate": 0.30287648054145516,
      "pr_auc": 0.7112457770976737,
      "detection_at_fpr": {
        "0.05": 0.7038917089678511,
        "0.01": 0.6971235194585449,
        "0.001": 0.6971235194585449
      }
    }
  },
  "test": {
    "gat": {
      "test_01_known_vehicle_known_attack": {
        "core": {
          "accuracy": 0.8221251666315863,
          "precision": 0.15451330414280903,
          "recall": 0.9483204134366925,
          "f1": 0.2657302150459778,
          "specificity": 0.8176915954027997,
          "balanced_accuracy": 0.8830060044197461,
          "mcc": 0.34155808680751254,
          "fpr": 0.1823084045972003,
          "fnr": 0.05167958656330749,
          "n_samples": 57012,
          "auc": 0.9758363426274862
        },
        "additional": {
          "kappa": 0.22021410625514815,
          "tpr": 0.9483204134366925,
          "tnr": 0.8176915954027997,
          "detection_rate": 0.9483204134366925,
          "miss_rate": 0.05167958656330749,
          "pr_auc": 0.9133293883116227,
          "detection_at_fpr": {
            "0.05": 0.9183462532299742,
            "0.01": 0.8888888888888888,
            "0.001": 0.8501291989664083
          }
        }
      },
      "test_02_unknown_vehicle_known_attack": {
        "core": {
          "accuracy": 0.0978716142843846,
          "precision": 0.08742285525840544,
          "recall": 0.9926890156918687,
          "f1": 0.16069392526736617,
          "specificity": 0.0126074693308866,
          "balanced_accuracy": 0.5026482425113776,
          "mcc": 0.013627015348636131,
          "fpr": 0.9873925306691134,
          "fnr": 0.007310984308131241,
          "n_samples": 64462,
          "auc": 0.672489739473298
        },
        "additional": {
          "kappa": 0.0009317962784654021,
          "tpr": 0.9926890156918687,
          "tnr": 0.0126074693308866,
          "detection_rate": 0.9926890156918687,
          "miss_rate": 0.007310984308131241,
          "pr_auc": 0.22655525275892285,
          "detection_at_fpr": {
            "0.05": 0.24001426533523537,
            "0.01": 0.09753922967189729,
            "0.001": 0.017296718972895864
          }
        }
      },
      "test_03_known_vehicle_unknown_attack": {
        "core": {
          "accuracy": 0.7705200973010541,
          "precision": 0.1436928066720723,
          "recall": 0.330491541228187,
          "f1": 0.20029871230775442,
          "specificity": 0.8124278446646284,
          "balanced_accuracy": 0.5714596929464077,
          "mcc": 0.10067672907727528,
          "fpr": 0.18757215533537167,
          "fnr": 0.669508458771813,
          "n_samples": 86330,
          "auc": 0.5950335700364329
        },
        "additional": {
          "kappa": 0.08999457974662617,
          "tpr": 0.330491541228187,
          "tnr": 0.8124278446646284,
          "detection_rate": 0.330491541228187,
          "miss_rate": 0.669508458771813,
          "pr_auc": 0.19658877779998585,
          "detection_at_fpr": {
            "0.05": 0.1557213267616891,
            "0.01": 0.08658585320367657,
            "0.001": 0.05421606500599441
          }
        }
      },
      "test_04_unknown_vehicle_unknown_attack": {
        "core": {
          "accuracy": 0.04500196713373483,
          "precision": 0.011270034092244995,
          "recall": 0.9554817275747508,
          "f1": 0.02227730441518203,
          "specificity": 0.03451521807342328,
          "balanced_accuracy": 0.49499847282408704,
          "mcc": -0.005804656894761953,
          "fpr": 0.9654847819265767,
          "fnr": 0.04451827242524917,
          "n_samples": 132172,
          "auc": 0.5241982262893576
        },
        "additional": {
          "kappa": -0.00023587725878382315,
          "tpr": 0.9554817275747508,
          "tnr": 0.03451521807342328,
          "detection_rate": 0.9554817275747508,
          "miss_rate": 0.04451827242524917,
          "pr_auc": 0.0155252193319135,
          "detection_at_fpr": {
            "0.05": 0.09900332225913622,
            "0.01": 0.02724252491694352,
            "0.001": 0.007308970099667774
          }
        }
      }
    },
    "vgae": {
      "test_01_known_vehicle_known_attack": {
        "core": {
          "accuracy": 0.7672244439767066,
          "precision": 0.10457653132412446,
          "recall": 0.7746770025839793,
          "f1": 0.18427684553445203,
          "specificity": 0.7669626159740001,
          "balanced_accuracy": 0.7708198092789897,
          "mcc": 0.22607384301687336,
          "fpr": 0.23303738402599997,
          "fnr": 0.22532299741602066,
          "n_samples": 57012,
          "auc": 0.8494435673543063,
          "threshold_from_val": 0.05386059731245041
        },
        "additional": {
          "kappa": 0.13238764781212675,
          "tpr": 0.7746770025839793,
          "tnr": 0.7669626159740001,
          "detection_rate": 0.7746770025839793,
          "miss_rate": 0.22532299741602066,
          "pr_auc": 0.5131300976369741,
          "detection_at_fpr": {
            "0.05": 0.6294573643410852,
            "0.01": 0.45478036175710596,
            "0.001": 0.21912144702842376
          }
        }
      },
      "test_02_unknown_vehicle_known_attack": {
        "core": {
          "accuracy": 0.09425708169153921,
          "precision": 0.08753008846791084,
          "recall": 0.9985734664764622,
          "f1": 0.16095191561520997,
          "specificity": 0.008087810514153668,
          "balanced_accuracy": 0.5033306384953079,
          "mcc": 0.021747607049670076,
          "fpr": 0.9919121894858464,
          "fnr": 0.0014265335235378032,
          "n_samples": 64462,