{
  "gat": {
    "core": {
      "accuracy": 0.9682721252257676,
      "precision": 0.53422756706753,
      "recall": 0.9608985024958403,
      "f1": 0.6866825208085613,
      "specificity": 0.9685489412205635,
      "balanced_accuracy": 0.9647237218582019,
      "mcc": 0.7036546851218309,
      "fpr": 0.03145105877943657,
      "fnr": 0.039101497504159734,
      "n_samples": 33220,
      "auc": 0.9939295273696399
    },
    "additional": {
      "kappa": 0.6713997379297411,
      "tpr": 0.9608985024958403,
      "tnr": 0.9685489412205635,
      "detection_rate": 0.9608985024958403,
      "miss_rate": 0.039101497504159734,
      "pr_auc": 0.9618977299047053,
      "detection_at_fpr": {
        "0.05": 0.9675540765391015,
        "0.01": 0.9425956738768719,
        "0.001": 0.9143094841930116
      }
    }
  },
  "vgae": {
    "core": {
      "accuracy": 0.621944611679711,
      "precision": 0.06596346403730032,
      "recall": 0.7179700499168054,
      "f1": 0.1208260413020651,
      "specificity": 0.6183396839277906,
      "balanced_accuracy": 0.668154866922298,
      "mcc": 0.12853982833352529,
      "fpr": 0.3816603160722094,
      "fnr": 0.2820299500831947,
      "n_samples": 33220,
      "auc": 0.730635762391974,
      "optimal_threshold": 0.041319429874420166,
      "youden_j": 0.3371416806000036
    },
    "additional": {
      "kappa": 0.05842115068799236,
      "tpr": 0.7179700499168054,
      "tnr": 0.6183396839277906,
      "detection_rate": 0.7179700499168054,
      "miss_rate": 0.2820299500831947,
      "pr_auc": 0.1366366910193464,
      "detection_at_fpr": {
        "0.05": 0.23460898502495842,
        "0.01": 0.08402662229617304,
        "0.001": 0.029118136439267885
      }
    }
  },
  "fusion": {
    "core": {
      "accuracy": 0.9967,
      "precision": 0.9822485207100592,
      "recall": 0.924791086350975,
      "f1": 0.9526542324246772,
      "specificity": 0.999377657919303,
      "balanced_accuracy": 0.962084372135139,
      "mcc": 0.9514099202201783,
      "fpr": 0.0006223420806970231,
      "fnr": 0.07520891364902507,
      "n_samples": 30000,
      "auc": 0.9572708518064053
    },
    "additional": {
      "kappa": 0.9509462614808045,
      "tpr": 0.924791086350975,
      "tnr": 0.999377657919303,
      "detection_rate": 0.924791086350975,
      "miss_rate": 0.07520891364902507,
      "pr_auc": 0.940852515732018,
      "detection_at_fpr": {
        "0.05": 0.924791086350975,
        "0.01": 0.924791086350975,
        "0.001": 0.924791086350975
      }
    }
  },
  "test": {
    "gat": {
      "test_01_known_vehicle_known_attack": {
        "core": {
          "accuracy": 0.904835774937016,
          "precision": 0.4185156847742923,
          "recall": 0.6779240898528273,
          "f1": 0.5175329667080598,
          "specificity": 0.9233107554142859,
          "balanced_accuracy": 0.8006174226335565,
          "mcc": 0.48479064783860726,
          "fpr": 0.0766892445857141,
          "fnr": 0.32207591014717274,
          "n_samples": 85736,
          "auc": 0.8604260575031966
        },
        "additional": {
          "kappa": 0.4680029425569078,
          "tpr": 0.6779240898528273,
          "tnr": 0.9233107554142859,
          "detection_rate": 0.6779240898528273,
          "miss_rate": 0.32207591014717274,
          "pr_auc": 0.7111342410240864,
          "detection_at_fpr": {
            "0.05": 0.6627420604182804,
            "0.01": 0.6302091402013943,
            "0.001": 0.5998450813323005
          }
        }
      },
      "test_02_unknown_vehicle_known_attack": {
        "core": {
          "accuracy": 0.08264378383900296,
          "precision": 0.08264378383900296,
          "recall": 1.0,
          "f1": 0.1526703151538026,
          "specificity": 0.0,
          "balanced_accuracy": 0.5,
          "mcc": 0.0,
          "fpr": 1.0,
          "fnr": 0.0,
          "n_samples": 68523,
          "auc": 0.5
        },
        "additional": {
          "kappa": 0.0,
          "tpr": 1.0,
          "tnr": 0.0,
          "detection_rate": 1.0,
          "miss_rate": 0.0,
          "pr_auc": 0.5413218919195015,
          "detection_at_fpr": {
            "0.05": 0.0,
            "0.01": 0.0,
            "0.001": 0.0
          }
        }
      },
      "test_03_known_vehicle_unknown_attack": {
        "core": {
          "accuracy": 0.8907204488910063,
          "precision": 0.034703196347031964,
          "recall": 0.024335574767851424,
          "f1": 0.028609072087332956,
          "specificity": 0.952068383044814,
          "balanced_accuracy": 0.4882019789063327,
          "mcc": -0.02788415014592497,
          "fpr": 0.04793161695518598,
          "fnr": 0.9756644252321486,
          "n_samples": 94455,
          "auc": 0.4735863302954322
        },
        "additional": {
          "kappa": -0.027398977792484347,
          "tpr": 0.024335574767851424,
          "tnr": 0.952068383044814,
          "detection_rate": 0.024335574767851424,
          "miss_rate": 0.9756644252321486,
          "pr_auc": 0.059129139818524516,
          "detection_at_fpr": {
            "0.05": 0.025936599423631124,
            "0.01": 0.004803073967339097,
            "0.001": 0.0008005123278898495
          }
        }
      },
      "test_04_unknown_vehicle_unknown_attack": {
        "core": {
          "accuracy": 0.23713717924541985,
          "precision": 0.23713717924541985,
          "recall": 1.0,
          "f1": 0.3833644048917185,
          "specificity": 0.0,
          "balanced_accuracy": 0.5,
          "mcc": 0.0,
          "fpr": 1.0,
          "fnr": 0.0,
          "n_samples": 68939,
          "auc": 0.5
        },
        "additional": {
          "kappa": 0.0,
          "tpr": 1.0,
          "tnr": 0.0,
          "detection_rate": 1.0,
          "miss_rate": 0.0,
          "pr_auc": 0.6185685896227099,
          "detection_at_fpr": {
            "0.05": 0.0,
            "0.01": 0.0,
            "0.001": 0.0
          }
        }
      }
    },
    "vgae": {
      "test_01_known_vehicle_known_attack": {
        "core": {
          "accuracy": 0.6518032098535038,
          "precision": 0.16314425568672616,
          "recall": 0.8777691711851278,
          "f1": 0.2751487191938813,
          "specificity": 0.6334052295001324,
          "balanced_accuracy": 0.75558720034263,
          "mcc": 0.27475066645928653,
          "fpr": 0.36659477049986755,
          "fnr": 0.1222308288148722,
          "n_samples": 85736,
          "auc": 0.8739957836196113,
          "threshold_from_val": 0.041319429874420166
        },
        "additional": {
          "kappa": 0.16972156169694896,
          "tpr": 0.8777691711851278,
          "tnr": 0.6334052295001324,
          "detection_rate": 0.8777691711851278,
          "miss_rate": 0.1222308288148722,
          "pr_auc": 0.6099450537986458,
          "detection_at_fpr": {
            "0.05": 0.576297443841983,
            "0.01": 0.42184353214562353,
            "0.001": 0.30844306738962046
          }
        }
      },
      "test_02_unknown_vehicle_known_attack": {
        "core": {
          "accuracy": 0.08264378383900296,
          "precision": 0.08264378383900296,
          "recall": 1.0,
          "f1": 0.1526703151538026,
          "specificity": 0.0,
          "balanced_accuracy": 0.5,
          "mcc": 0.0,
          "fpr": 1.0,
          "fnr": 0.0,
          "n_samples": 68523,
          "auc": 0.7386221151089379,
          "threshold_from_val": 0.041319429874420166
        },
        "additional": {
          "kappa": 0.0,
          "tpr": 1.0,
          "tnr": 0.0,
          "detection_rate": 1.0,
          "miss_rate": 0.0,
          "pr_auc": 0.25491319269631374,
          "detection_at_fpr": {
            "0.05": 0.2696450644534699,
            "0.01": 0.10665724880805227,
            "0.001": 0.011478015186297015
          }
        }
      },
      "test_03_known_vehicle_unknown_attack": {
        "core": {
          "accuracy": 0.6065639722619237,