{
  "gat": {
    "core": {
      "accuracy": 0.9803428420146932,
      "precision": 0.5004248088360238,
      "recall": 0.9899159663865547,
      "f1": 0.664785553047404,
      "specificity": 0.9801505586875063,
      "balanced_accuracy": 0.9850332625370305,
      "mcc": 0.6965952449607589,
      "fpr": 0.01984944131249367,
      "fnr": 0.010084033613445379,
      "n_samples": 30218,
      "auc": 0.9993606205943202
    },
    "additional": {
      "kappa": 0.655781709643904,
      "tpr": 0.9899159663865547,
      "tnr": 0.9801505586875063,
      "detection_rate": 0.9899159663865547,
      "miss_rate": 0.010084033613445379,
      "pr_auc": 0.9851479128363945,
      "detection_at_fpr": {
        "0.05": 0.9983193277310924,
        "0.01": 0.9815126050420168,
        "0.001": 0.9512605042016806
      }
    }
  },
  "vgae": {
    "core": {
      "accuracy": 0.8289761069561189,
      "precision": 0.06719666855953058,
      "recall": 0.5966386554621849,
      "f1": 0.12078938414426675,
      "specificity": 0.8336427775714816,
      "balanced_accuracy": 0.7151407165168333,
      "mcc": 0.1573912617169615,
      "fpr": 0.1663572224285184,
      "fnr": 0.40336134453781514,
      "n_samples": 30218,
      "auc": 0.7619995478189926,
      "optimal_threshold": 0.046220812946558,
      "youden_j": 0.43196210530257406
    },
    "additional": {
      "kappa": 0.08852856918584251,
      "tpr": 0.5966386554621849,
      "tnr": 0.8336427775714816,
      "detection_rate": 0.5966386554621849,
      "miss_rate": 0.40336134453781514,
      "pr_auc": 0.2496137907864266,
      "detection_at_fpr": {
        "0.05": 0.42521008403361343,
        "0.01": 0.253781512605042,
        "0.001": 0.12100840336134454
      }
    }
  },
  "fusion": {
    "core": {
      "accuracy": 0.9979,
      "precision": 0.9765342960288809,
      "recall": 0.9153976311336718,
      "f1": 0.9449781659388646,
      "specificity": 0.9995579584480941,
      "balanced_accuracy": 0.957477794790883,
      "mcc": 0.9444214612537999,
      "fpr": 0.00044204155190587913,
      "fnr": 0.08460236886632826,
      "n_samples": 30000,
      "auc": 0.9382116758230773
    },
    "additional": {
      "kappa": 0.9439088781027739,
      "tpr": 0.9153976311336718,
      "tnr": 0.9995579584480941,
      "detection_rate": 0.9153976311336718,
      "miss_rate": 0.08460236886632826,
      "pr_auc": 0.9115801717451697,
      "detection_at_fpr": {
        "0.05": 0.9153976311336718,
        "0.01": 0.9153976311336718,
        "0.001": 0.9153976311336718
      }
    }
  },
  "test": {
    "gat": {
      "test_01_known_vehicle_known_attack": {
        "core": {
          "accuracy": 0.968673261769452,
          "precision": 0.5210511443910709,
          "recall": 0.9529715762273901,
          "f1": 0.6737303617099013,
          "specificity": 0.9692249033171741,
          "balanced_accuracy": 0.9610982397722821,
          "mcc": 0.6920564594825157,
          "fpr": 0.030775096682825864,
          "fnr": 0.047028423772609816,
          "n_samples": 57012,
          "auc": 0.9866023648639615
        },
        "additional": {
          "kappa": 0.6587546597672416,
          "tpr": 0.9529715762273901,
          "tnr": 0.9692249033171741,
          "detection_rate": 0.9529715762273901,
          "miss_rate": 0.047028423772609816,
          "pr_auc": 0.950119105247537,
          "detection_at_fpr": {
            "0.05": 0.958656330749354,
            "0.01": 0.9343669250645995,
            "0.001": 0.8883720930232558
          }
        }
      },
      "test_02_unknown_vehicle_known_attack": {
        "core": {
          "accuracy": 0.7701281375073686,
          "precision": 0.15624066885637503,
          "recall": 0.37321683309557774,
          "f1": 0.2202694169648495,
          "specificity": 0.8079484826859686,
          "balanced_accuracy": 0.5905826578907731,
          "mcc": 0.12583850798330795,
          "fpr": 0.19205151731403133,
          "fnr": 0.6267831669044223,
          "n_samples": 64462,
          "auc": 0.5959828201288453
        },
        "additional": {
          "kappa": 0.11126713716465719,
          "tpr": 0.37321683309557774,
          "tnr": 0.8079484826859686,
          "detection_rate": 0.37321683309557774,
          "miss_rate": 0.6267831669044223,
          "pr_auc": 0.24134839037622502,
          "detection_at_fpr": {
            "0.05": 0.25731098430813126,
            "0.01": 0.0,
            "0.001": 0.0
          }
        }
      },
      "test_03_known_vehicle_unknown_attack": {
        "core": {
          "accuracy": 0.8925981698135063,
          "precision": 0.2280431432973806,
          "recall": 0.09857466364726256,
          "f1": 0.13764880952380953,
          "specificity": 0.968219935805539,
          "balanced_accuracy": 0.5333972997264008,
          "mcc": 0.0989537769021282,
          "fpr": 0.03178006419446101,
          "fnr": 0.9014253363527375,
          "n_samples": 86330,
          "auc": 0.5811779137107241
        },
        "additional": {
          "kappa": 0.08987833344758389,
          "tpr": 0.09857466364726256,
          "tnr": 0.968219935805539,
          "detection_rate": 0.09857466364726256,
          "miss_rate": 0.9014253363527375,
          "pr_auc": 0.16599420182736613,
          "detection_at_fpr": {
            "0.05": 0.12215265751964832,
            "0.01": 0.0646063673904356,
            "0.001": 0.03996270147861995
          }
        }
      },
      "test_04_unknown_vehicle_unknown_attack": {
        "core": {
          "accuracy": 0.7841373361982871,
          "precision": 0.009010973039750018,
          "recall": 0.1647840531561462,
          "f1": 0.017087539187652875,
          "specificity": 0.7912709406353555,
          "balanced_accuracy": 0.47802749689575086,
          "mcc": -0.011482887993113632,
          "fpr": 0.20872905936464448,
          "fnr": 0.8352159468438538,
          "n_samples": 132172,
          "auc": 0.42739247876859354
        },
        "additional": {
          "kappa": -0.004604480107759823,
          "tpr": 0.1647840531561462,
          "tnr": 0.7912709406353555,
          "detection_rate": 0.1647840531561462,
          "miss_rate": 0.8352159468438538,
          "pr_auc": 0.00974968388085253,
          "detection_at_fpr": {
            "0.05": 0.037209302325581395,
            "0.01": 0.009302325581395349,
            "0.001": 0.0026578073089701
          }
        }
      }
    },
    "vgae": {
      "test_01_known_vehicle_known_attack": {
        "core": {
          "accuracy": 0.8187574545709675,
          "precision": 0.1244857807190127,
          "recall": 0.7193798449612403,
          "f1": 0.21224365327437678,
          "specificity": 0.8222488516077492,
          "balanced_accuracy": 0.7708143482844947,
          "mcc": 0.24699753349997466,
          "fpr": 0.17775114839225084,
          "fnr": 0.2806201550387597,
          "n_samples": 57012,
          "auc": 0.8353782552676194,
          "threshold_from_val": 0.046220812946558
        },
        "additional": {
          "kappa": 0.16385881739465036,
          "tpr": 0.7193798449612403,
          "tnr": 0.8222488516077492,
          "detection_rate": 0.7193798449612403,
          "miss_rate": 0.2806201550387597,
          "pr_auc": 0.5119252185384169,
          "detection_at_fpr": {
            "0.05": 0.6041343669250646,
            "0.01": 0.462015503875969,
            "0.001": 0.24599483204134368
          }
        }
      },
      "test_02_unknown_vehicle_known_attack": {
        "core": {
          "accuracy": 0.08701250349042847,
          "precision": 0.08699834008159972,
          "recall": 1.0,
          "f1": 0.1600707873667385,
          "specificity": 1.6991198559146363e-05,
          "balanced_accuracy": 0.5000084955992796,
          "mcc": 0.0012158149820768792,
          "fpr": 0.9999830088014409,
          "fnr": 0.0,
          "n_samples": 64462,
          "auc": 0.6732615619410145,
          "threshold_from_val": 0.046220812946558
        },