{
  "gat": {
    "core": {
      "accuracy": 0.9945945945945946,
      "precision": 0.9490652939582769,
      "recall": 0.9909476661951909,
      "f1": 0.9695543869360642,
      "specificity": 0.9949414771962868,
      "balanced_accuracy": 0.9929445716957388,
      "mcc": 0.96686127037745,
      "fpr": 0.005058522803713171,
      "fnr": 0.009052333804809052,
      "n_samples": 40700,
      "auc": 0.9993525565775621
    },
    "additional": {
      "kappa": 0.9665899050394355,
      "tpr": 0.9909476661951909,
      "tnr": 0.9949414771962868,
      "detection_rate": 0.9909476661951909,
      "miss_rate": 0.009052333804809052,
      "pr_auc": 0.9972710619421338,
      "detection_at_fpr": {
        "0.05": 0.9971711456859972,
        "0.01": 0.994059405940594,
        "0.001": 0.9861386138613861
      }
    }
  },
  "vgae": {
    "core": {
      "accuracy": 0.8514742014742015,
      "precision": 0.3206630465847385,
      "recall": 0.6347949080622348,
      "f1": 0.4260894332099117,
      "specificity": 0.8720839499529127,
      "balanced_accuracy": 0.7534394290075738,
      "mcc": 0.3783128983495326,
      "fpr": 0.1279160500470873,
      "fnr": 0.3652050919377652,
      "n_samples": 40700,
      "auc": 0.8203359802067731,
      "optimal_threshold": 0.055059563368558884,
      "youden_j": 0.5071617434465477
    },
    "additional": {
      "kappa": 0.3512122497384349,
      "tpr": 0.6347949080622348,
      "tnr": 0.8720839499529127,
      "detection_rate": 0.6347949080622348,
      "miss_rate": 0.3652050919377652,
      "pr_auc": 0.6012032419210328,
      "detection_at_fpr": {
        "0.05": 0.5462517680339463,
        "0.01": 0.444978783592645,
        "0.001": 0.36124469589816127
      }
    }
  },
  "fusion": {
    "core": {
      "accuracy": 0.9786333333333334,
      "precision": 0.960538979788258,
      "recall": 0.7812133072407045,
      "f1": 0.8616447226419167,
      "specificity": 0.9970122062306431,
      "balanced_accuracy": 0.8891127567356738,
      "mcc": 0.8555324789251809,
      "fpr": 0.0029877937693568958,
      "fnr": 0.2187866927592955,
      "n_samples": 30000,
      "auc": 0.8767949276956332
    },
    "additional": {
      "kappa": 0.8502003015936102,
      "tpr": 0.7812133072407045,
      "tnr": 0.9970122062306431,
      "detection_rate": 0.7812133072407045,
      "miss_rate": 0.2187866927592955,
      "pr_auc": 0.8491502284475075,
      "detection_at_fpr": {
        "0.05": 0.7831702544031311,
        "0.01": 0.7831702544031311,
        "0.001": 0.03718199608610567
      }
    }
  },
  "test": {
    "gat": {
      "test_01_known_vehicle_known_attack": {
        "core": {
          "accuracy": 0.992418969221923,
          "precision": 0.6421707179197287,
          "recall": 0.7548172757475083,
          "f1": 0.6939523518631643,
          "specificity": 0.9951556246029984,
          "balanced_accuracy": 0.8749864501752533,
          "mcc": 0.6924510418767983,
          "fpr": 0.004844375397001538,
          "fnr": 0.24518272425249169,
          "n_samples": 132172,
          "auc": 0.9192849608043494
        },
        "additional": {
          "kappa": 0.6901395668728789,
          "tpr": 0.7548172757475083,
          "tnr": 0.9951556246029984,
          "detection_rate": 0.7548172757475083,
          "miss_rate": 0.24518272425249169,
          "pr_auc": 0.7674355064418199,
          "detection_at_fpr": {
            "0.05": 0.7986710963455149,
            "0.01": 0.7681063122923588,
            "0.001": 0.7109634551495017
          }
        }
      },
      "test_02_unknown_vehicle_known_attack": {
        "core": {
          "accuracy": 0.023782170478367462,
          "precision": 0.023782170478367462,
          "recall": 1.0,
          "f1": 0.04645943475896854,
          "specificity": 0.0,
          "balanced_accuracy": 0.5,
          "mcc": 0.0,
          "fpr": 1.0,
          "fnr": 0.0,
          "n_samples": 84433,
          "auc": 0.5
        },
        "additional": {
          "kappa": 0.0,
          "tpr": 1.0,
          "tnr": 0.0,
          "detection_rate": 1.0,
          "miss_rate": 0.0,
          "pr_auc": 0.5118910852391837,
          "detection_at_fpr": {
            "0.05": 0.0,
            "0.01": 0.0,
            "0.001": 0.0
          }
        }
      },
      "test_03_known_vehicle_unknown_attack": {
        "core": {
          "accuracy": 0.9824896477348503,
          "precision": 0.2573587907716786,
          "recall": 0.7133406835722161,
          "f1": 0.3782519731072786,
          "specificity": 0.9845144487575064,
          "balanced_accuracy": 0.8489275661648612,
          "mcc": 0.4219880049724084,
          "fpr": 0.015485551242493614,
          "fnr": 0.2866593164277839,
          "n_samples": 121471,
          "auc": 0.9401602938442171
        },
        "additional": {
          "kappa": 0.3713530117181508,
          "tpr": 0.7133406835722161,
          "tnr": 0.9845144487575064,
          "detection_rate": 0.7133406835722161,
          "miss_rate": 0.2866593164277839,
          "pr_auc": 0.42137132060724564,
          "detection_at_fpr": {
            "0.05": 0.8467475192943771,
            "0.01": 0.639470782800441,
            "0.001": 0.19625137816979052
          }
        }
      },
      "test_04_unknown_vehicle_unknown_attack": {
        "core": {
          "accuracy": 0.015223974104625665,
          "precision": 0.015223974104625665,
          "recall": 1.0,
          "f1": 0.029991360513432343,
          "specificity": 0.0,
          "balanced_accuracy": 0.5,
          "mcc": 0.0,
          "fpr": 1.0,
          "fnr": 0.0,
          "n_samples": 47885,
          "auc": 0.5
        },
        "additional": {
          "kappa": 0.0,
          "tpr": 1.0,
          "tnr": 0.0,
          "detection_rate": 1.0,
          "miss_rate": 0.0,
          "pr_auc": 0.5076119870523128,
          "detection_at_fpr": {
            "0.05": 0.0,
            "0.01": 0.0,
            "0.001": 0.0
          }
        }
      }
    },
    "vgae": {
      "test_01_known_vehicle_known_attack": {
        "core": {
          "accuracy": 0.8642223769028236,
          "precision": 0.04494879601439247,
          "recall": 0.5395348837209303,
          "f1": 0.08298415942769545,
          "specificity": 0.8679620715253278,
          "balanced_accuracy": 0.7037484776231291,
          "mcc": 0.12586368753762034,
          "fpr": 0.13203792847467224,
          "fnr": 0.4604651162790698,
          "n_samples": 132172,
          "auc": 0.7596017057079004,
          "threshold_from_val": 0.055059563368558884
        },
        "additional": {
          "kappa": 0.06329269194182596,
          "tpr": 0.5395348837209303,
          "tnr": 0.8679620715253278,
          "detection_rate": 0.5395348837209303,
          "miss_rate": 0.4604651162790698,
          "pr_auc": 0.23994956507111678,
          "detection_at_fpr": {
            "0.05": 0.40863787375415284,
            "0.01": 0.2651162790697674,
            "0.001": 0.17209302325581396
          }
        }
      },
      "test_02_unknown_vehicle_known_attack": {
        "core": {
          "accuracy": 0.023782170478367462,
          "precision": 0.023782170478367462,
          "recall": 1.0,
          "f1": 0.04645943475896854,
          "specificity": 0.0,
          "balanced_accuracy": 0.5,
          "mcc": 0.0,
          "fpr": 1.0,
          "fnr": 0.0,
          "n_samples": 84433,
          "auc": 0.49137071368756097,
          "threshold_from_val": 0.055059563368558884
        },
        "additional": {
          "kappa": 0.0,
          "tpr": 1.0,
          "tnr": 0.0,
          "detection_rate": 1.0,
          "miss_rate": 0.0,
          "pr_auc": 0.02451831253137391,
          "detection_at_fpr": {
            "0.05": 0.06424302788844621,
            "0.01": 0.010956175298804782,
            "0.001": 0.0
          }
        }
      },
      "test_03_known_vehicle_unknown_attack": {
        "core": {
          "accuracy": 0.8645026384898453,