{
  "gat": {
    "core": {
      "accuracy": 0.8797110174593619,
      "precision": 0.22292740975803252,
      "recall": 0.9351081530782029,
      "f1": 0.3600256245996156,
      "specificity": 0.8776313323755388,
      "balanced_accuracy": 0.9063697427268709,
      "mcc": 0.42300372378721135,
      "fpr": 0.12236866762446125,
      "fnr": 0.064891846921797,
      "n_samples": 33220,
      "auc": 0.9754968840842334
    },
    "additional": {
      "kappa": 0.32030764316633586,
      "tpr": 0.9351081530782029,
      "tnr": 0.8776313323755388,
      "detection_rate": 0.9351081530782029,
      "miss_rate": 0.064891846921797,
      "pr_auc": 0.9141977473024434,
      "detection_at_fpr": {
        "0.05": 0.9126455906821963,
        "0.01": 0.8868552412645591,
        "0.001": 0.8610648918469218
      }
    }
  },
  "vgae": {
    "core": {
      "accuracy": 0.8193558097531608,
      "precision": 0.13158298787041303,
      "recall": 0.7129783693843594,
      "f1": 0.22216461438755672,
      "specificity": 0.8233493659816353,
      "balanced_accuracy": 0.7681638676829974,
      "mcc": 0.2522763263087082,
      "fpr": 0.17665063401836467,
      "fnr": 0.2870216306156406,
      "n_samples": 33220,
      "auc": 0.8428551239220784,
      "optimal_threshold": 0.06812138855457306,
      "youden_j": 0.5371596821214024
    },
    "additional": {
      "kappa": 0.17155367991116577,
      "tpr": 0.7129783693843594,
      "tnr": 0.8233493659816353,
      "detection_rate": 0.7129783693843594,
      "miss_rate": 0.2870216306156406,
      "pr_auc": 0.3205148598434272,
      "detection_at_fpr": {
        "0.05": 0.49750415973377704,
        "0.01": 0.24292845257903495,
        "0.001": 0.07154742096505824
      }
    }
  },
  "fusion": {
    "core": {
      "accuracy": 0.9899666666666667,
      "precision": 0.8579335793357934,
      "recall": 0.8635097493036211,
      "f1": 0.8607126330402591,
      "specificity": 0.9946755177540366,
      "balanced_accuracy": 0.9290926335288289,
      "mcc": 0.8555134186249492,
      "fpr": 0.00532448224596342,
      "fnr": 0.13649025069637882,
      "n_samples": 30000,
      "auc": 0.9303896610701143
    },
    "additional": {
      "kappa": 0.855508588646297,
      "tpr": 0.8635097493036211,
      "tnr": 0.9946755177540366,
      "detection_rate": 0.8635097493036211,
      "miss_rate": 0.13649025069637882,
      "pr_auc": 0.5123834464436225,
      "detection_at_fpr": {
        "0.05": 0.8635097493036211,
        "0.01": 0.8635097493036211,
        "0.001": 0.0
      }
    }
  },
  "test": {
    "gat": {
      "test_01_known_vehicle_known_attack": {
        "core": {
          "accuracy": 0.8201922179714473,
          "precision": 0.2520887511757871,
          "recall": 0.7058094500387296,
          "f1": 0.3714938030006523,
          "specificity": 0.8295051777853458,
          "balanced_accuracy": 0.7676573139120377,
          "mcc": 0.3462988465179788,
          "fpr": 0.1704948222146542,
          "fnr": 0.2941905499612703,
          "n_samples": 85736,
          "auc": 0.8288560849621254
        },
        "additional": {
          "kappa": 0.2930578836418808,
          "tpr": 0.7058094500387296,
          "tnr": 0.8295051777853458,
          "detection_rate": 0.7058094500387296,
          "miss_rate": 0.2941905499612703,
          "pr_auc": 0.6639417048842864,
          "detection_at_fpr": {
            "0.05": 0.6258714175058094,
            "0.01": 0.5611154144074361,
            "0.001": 0.48644461657629745
          }
        }
      },
      "test_02_unknown_vehicle_known_attack": {
        "core": {
          "accuracy": 0.08071742334690542,
          "precision": 0.07896476256224204,
          "recall": 0.9493201483312732,
          "f1": 0.14580169234107182,
          "specificity": 0.0024657970092268533,
          "balanced_accuracy": 0.47589297267025005,
          "mcc": -0.16582882644111144,
          "fpr": 0.9975342029907731,
          "fnr": 0.05067985166872682,
          "n_samples": 68523,
          "auc": 0.6681930501641993
        },
        "additional": {
          "kappa": -0.008016233334720457,
          "tpr": 0.9493201483312732,
          "tnr": 0.0024657970092268533,
          "detection_rate": 0.9493201483312732,
          "miss_rate": 0.05067985166872682,
          "pr_auc": 0.34958372344923605,
          "detection_at_fpr": {
            "0.05": 0.33162634645947375,
            "0.01": 0.20395550061804696,
            "0.001": 0.12007769733356878
          }
        }
      },
      "test_03_known_vehicle_unknown_attack": {
        "core": {
          "accuracy": 0.7989942300566407,
          "precision": 0.041726618705035974,
          "recall": 0.09285943003522254,
          "f1": 0.05757966842053013,
          "specificity": 0.848995000510152,
          "balanced_accuracy": 0.47092721527268727,
          "mcc": -0.040786873536499055,
          "fpr": 0.15100499948984797,
          "fnr": 0.9071405699647774,
          "n_samples": 94455,
          "auc": 0.43842672331639276
        },
        "additional": {
          "kappa": -0.037051287903079766,
          "tpr": 0.09285943003522254,
          "tnr": 0.848995000510152,
          "detection_rate": 0.09285943003522254,
          "miss_rate": 0.9071405699647774,
          "pr_auc": 0.055001720090839604,
          "detection_at_fpr": {
            "0.05": 0.026096701889209095,
            "0.01": 0.003041946845981428,
            "0.001": 0.0003202049311559398
          }
        }
      },
      "test_04_unknown_vehicle_unknown_attack": {
        "core": {
          "accuracy": 0.23881982622318282,
          "precision": 0.237452943997907,
          "recall": 0.9993271348177147,
          "f1": 0.3837273485302235,
          "specificity": 0.002414861858492898,
          "balanced_accuracy": 0.5008709983381038,
          "mcc": 0.016576713536653447,
          "fpr": 0.9975851381415071,
          "fnr": 0.0006728651822852949,
          "n_samples": 68939,
          "auc": 0.7162463464065318
        },
        "additional": {
          "kappa": 0.000827325665291645,
          "tpr": 0.9993271348177147,
          "tnr": 0.002414861858492898,
          "detection_rate": 0.9993271348177147,
          "miss_rate": 0.0006728651822852949,
          "pr_auc": 0.4799491061774429,
          "detection_at_fpr": {
            "0.05": 0.23018106190359677,
            "0.01": 0.09144849522877416,
            "0.001": 0.03217518962564228
          }
        }
      }
    },
    "vgae": {
      "test_01_known_vehicle_known_attack": {
        "core": {
          "accuracy": 0.8211369786320799,
          "precision": 0.25869565217391305,
          "recall": 0.737412858249419,
          "f1": 0.38302152484409574,
          "specificity": 0.8279537341859966,
          "balanced_accuracy": 0.7826832962177078,
          "mcc": 0.3633542604740037,
          "fpr": 0.17204626581400337,
          "fnr": 0.26258714175058095,
          "n_samples": 85736,
          "auc": 0.860721372373713,
          "threshold_from_val": 0.06812138855457306
        },
        "additional": {
          "kappa": 0.30561703793087514,
          "tpr": 0.737412858249419,
          "tnr": 0.8279537341859966,
          "detection_rate": 0.737412858249419,
          "miss_rate": 0.26258714175058095,
          "pr_auc": 0.5290864097089449,
          "detection_at_fpr": {
            "0.05": 0.5214562354763749,
            "0.01": 0.3284275755228505,
            "0.001": 0.16312935708752904
          }
        }
      },
      "test_02_unknown_vehicle_known_attack": {
        "core": {
          "accuracy": 0.0876056214701633,
          "precision": 0.08279890227616266,
          "recall": 0.9962917181705809,
          "f1": 0.15289144219825485,
          "specificity": 0.005742920776328349,
          "balanced_accuracy": 0.5010173194734546,
          "mcc": 0.007524227006946548,
          "fpr": 0.9942570792236717,
          "fnr": 0.003708281829419036,
          "n_samples": 68523,