{
  "gat": {
    "core": {
      "accuracy": 1.0,
      "precision": 1.0,
      "recall": 1.0,
      "f1": 1.0,
      "specificity": 1.0,
      "balanced_accuracy": 1.0,
      "mcc": 1.0,
      "fpr": 0.0,
      "fnr": 0.0,
      "n_samples": 1873,
      "auc": 1.0
    },
    "additional": {
      "kappa": 1.0,
      "tpr": 1.0,
      "tnr": 1.0,
      "detection_rate": 1.0,
      "miss_rate": 0.0,
      "pr_auc": 1.0,
      "detection_at_fpr": {
        "0.05": 1.0,
        "0.01": 1.0,
        "0.001": 0.0
      }
    }
  },
  "vgae": {
    "core": {
      "accuracy": 0.8387613454351308,
      "precision": 0.4500978473581213,
      "recall": 0.9163346613545816,
      "f1": 0.6036745406824147,
      "specificity": 0.8267570900123304,
      "balanced_accuracy": 0.871545875683456,
      "mcc": 0.568336727543282,
      "fpr": 0.17324290998766953,
      "fnr": 0.08366533864541832,
      "n_samples": 1873,
      "auc": 0.9483250720914124,
      "optimal_threshold": 0.06685793399810791,
      "youden_j": 0.747075815111932
    },
    "additional": {
      "kappa": 0.5168326067050254,
      "tpr": 0.9163346613545816,
      "tnr": 0.8267570900123304,
      "detection_rate": 0.9163346613545816,
      "miss_rate": 0.08366533864541832,
      "pr_auc": 0.8014741224420886,
      "detection_at_fpr": {
        "0.05": 0.6653386454183267,
        "0.01": 0.4860557768924303,
        "0.001": 0.4541832669322709
      }
    }
  },
  "fusion": {
    "core": {
      "accuracy": 0.99679658302189,
      "precision": 1.0,
      "recall": 0.9760956175298805,
      "f1": 0.9879032258064516,
      "specificity": 1.0,
      "balanced_accuracy": 0.9880478087649402,
      "mcc": 0.9861532403912032,
      "fpr": 0.0,
      "fnr": 0.02390438247011952,
      "n_samples": 1873,
      "auc": 0.9761324615225904
    },
    "additional": {
      "kappa": 0.9860573833338709,
      "tpr": 0.9760956175298805,
      "tnr": 1.0,
      "detection_rate": 0.9760956175298805,
      "miss_rate": 0.02390438247011952,
      "pr_auc": 0.9792699827603907,
      "detection_at_fpr": {
        "0.05": 0.0,
        "0.01": 0.0,
        "0.001": 0.0
      }
    }
  },
  "test": {
    "gat": {
      "test_01_known_vehicle_known_attack": {
        "core": {
          "accuracy": 0.9987481221832749,
          "precision": 1.0,
          "recall": 0.9974066390041494,
          "f1": 0.9987016359387172,
          "specificity": 1.0,
          "balanced_accuracy": 0.9987033195020747,
          "mcc": 0.9974961691776956,
          "fpr": 0.0,
          "fnr": 0.0025933609958506223,
          "n_samples": 3994,
          "auc": 0.9990678461396328
        },
        "additional": {
          "kappa": 0.9974930346031525,
          "tpr": 0.9974066390041494,
          "tnr": 1.0,
          "detection_rate": 0.9974066390041494,
          "miss_rate": 0.0025933609958506223,
          "pr_auc": 0.9994186082149819,
          "detection_at_fpr": {
            "0.05": 0.0,
            "0.01": 0.0,
            "0.001": 0.0
          }
        }
      },
      "test_02_unknown_vehicle_known_attack": {
        "core": {
          "accuracy": 0.40515851692638366,
          "precision": 0.40515851692638366,
          "recall": 1.0,
          "f1": 0.5766730401529637,
          "specificity": 0.0,
          "balanced_accuracy": 0.5,
          "mcc": 0.0,
          "fpr": 1.0,
          "fnr": 0.0,
          "n_samples": 1861,
          "auc": 0.9989552857509124
        },
        "additional": {
          "kappa": 0.0,
          "tpr": 1.0,
          "tnr": 0.0,
          "detection_rate": 1.0,
          "miss_rate": 0.0,
          "pr_auc": 0.9984614303181949,
          "detection_at_fpr": {
            "0.05": 0.9986737400530504,
            "0.01": 0.9986737400530504,
            "0.001": 0.9827586206896551
          }
        }
      },
      "test_03_known_vehicle_unknown_attack": {
        "core": {
          "accuracy": 0.826797385620915,
          "precision": 1.0,
          "recall": 0.542709232096635,
          "f1": 0.703579418344519,
          "specificity": 1.0,
          "balanced_accuracy": 0.7713546160483176,
          "mcc": 0.6514516430239174,
          "fpr": 0.0,
          "fnr": 0.457290767903365,
          "n_samples": 3060,
          "auc": 0.999763985986214
        },
        "additional": {
          "kappa": 0.5958894245024865,
          "tpr": 0.542709232096635,
          "tnr": 1.0,
          "detection_rate": 0.542709232096635,
          "miss_rate": 0.457290767903365,
          "pr_auc": 0.9996980719994407,
          "detection_at_fpr": {
            "0.05": 0.998274374460742,
            "0.01": 0.996548748921484,
            "0.001": 0.0
          }
        }
      },
      "test_04_unknown_vehicle_unknown_attack": {
        "core": {
          "accuracy": 0.39146800501882056,
          "precision": 0.39146800501882056,
          "recall": 1.0,
          "f1": 0.5626690712353472,
          "specificity": 0.0,
          "balanced_accuracy": 0.5,
          "mcc": 0.0,
          "fpr": 1.0,
          "fnr": 0.0,
          "n_samples": 797,
          "auc": 0.9953938673010837
        },
        "additional": {
          "kappa": 0.0,
          "tpr": 1.0,
          "tnr": 0.0,
          "detection_rate": 1.0,
          "miss_rate": 0.0,
          "pr_auc": 0.9959785387874808,
          "detection_at_fpr": {
            "0.05": 0.9903846153846154,
            "0.01": 0.9903846153846154,
            "0.001": 0.0
          }
        }
      }
    },
    "vgae": {
      "test_01_known_vehicle_known_attack": {
        "core": {
          "accuracy": 0.7120681021532298,
          "precision": 0.6264629388816645,
          "recall": 0.9994813278008299,
          "f1": 0.7701838529176659,
          "specificity": 0.44385285575992256,
          "balanced_accuracy": 0.7216670917803762,
          "mcc": 0.5265448705473182,
          "fpr": 0.5561471442400775,
          "fnr": 0.0005186721991701245,
          "n_samples": 3994,
          "auc": 0.9945800512546545,
          "threshold_from_val": 0.06685793399810791
        },
        "additional": {
          "kappa": 0.4346898184843666,
          "tpr": 0.9994813278008299,
          "tnr": 0.44385285575992256,
          "detection_rate": 0.9994813278008299,
          "miss_rate": 0.0005186721991701245,
          "pr_auc": 0.9953622231990334,
          "detection_at_fpr": {
            "0.05": 0.975103734439834,
            "0.01": 0.9642116182572614,
            "0.001": 0.933091286307054
          }
        }
      },
      "test_02_unknown_vehicle_known_attack": {
        "core": {
          "accuracy": 0.40515851692638366,
          "precision": 0.40515851692638366,
          "recall": 1.0,
          "f1": 0.5766730401529637,
          "specificity": 0.0,
          "balanced_accuracy": 0.5,
          "mcc": 0.0,
          "fpr": 1.0,
          "fnr": 0.0,
          "n_samples": 1861,
          "auc": 0.23993084758433791,
          "threshold_from_val": 0.06685793399810791
        },
        "additional": {
          "kappa": 0.0,
          "tpr": 1.0,
          "tnr": 0.0,
          "detection_rate": 1.0,
          "miss_rate": 0.0,
          "pr_auc": 0.369809575805187,
          "detection_at_fpr": {
            "0.05": 0.11273209549071618,
            "0.01": 0.04376657824933687,
            "0.001": 0.007957559681697613
          }
        }
      },
      "test_03_known_vehicle_unknown_attack": {
        "core": {
          "accuracy": 0.642483660130719,
          "precision": 0.5165226232841891,
          "recall": 0.8766177739430544,
          "f1": 0.6500319897632757,
          "specificity": 0.4997369805365597,
          "balanced_accuracy": 0.688177377239807,
          "mcc": 0.3809938122438627,
          "fpr": 0.5002630194634403,
          "fnr": 0.12338222605694564,
          "n_samples": 3060,
          "auc": 0.8071368368403351,
          "threshold_from_val": 0.06685793399810791
        },