{
  "gat": {
    "core": {
      "accuracy": 0.9986240786240786,
      "precision": 0.9923577696009057,
      "recall": 0.9917963224893918,
      "f1": 0.9920769666100736,
      "specificity": 0.999273510022871,
      "balanced_accuracy": 0.9955349162561313,
      "mcc": 0.9913236375276574,
      "fpr": 0.0007264899771290193,
      "fnr": 0.008203677510608205,
      "n_samples": 40700,
      "auc": 0.9995591051869116
    },
    "additional": {
      "kappa": 0.9913235899339482,
      "tpr": 0.9917963224893918,
      "tnr": 0.999273510022871,
      "detection_rate": 0.9917963224893918,
      "miss_rate": 0.008203677510608205,
      "pr_auc": 0.998765673314121,
      "detection_at_fpr": {
        "0.05": 0.9985855728429985,
        "0.01": 0.998019801980198,
        "0.001": 0.9943422913719944
      }
    }
  },
  "vgae": {
    "core": {
      "accuracy": 0.8383783783783784,
      "precision": 0.2958540185160338,
      "recall": 0.6237623762376238,
      "f1": 0.4013469239170004,
      "specificity": 0.8587918740750706,
      "balanced_accuracy": 0.7412771251563472,
      "mcc": 0.3513711746688599,
      "fpr": 0.14120812592492937,
      "fnr": 0.37623762376237624,
      "n_samples": 40700,
      "auc": 0.8124451398071713,
      "optimal_threshold": 0.039579201489686966,
      "youden_j": 0.4828371357440947
    },
    "additional": {
      "kappa": 0.3213896551315959,
      "tpr": 0.6237623762376238,
      "tnr": 0.8587918740750706,
      "detection_rate": 0.6237623762376238,
      "miss_rate": 0.37623762376237624,
      "pr_auc": 0.5702150223587131,
      "detection_at_fpr": {
        "0.05": 0.5111739745403112,
        "0.01": 0.4082036775106082,
        "0.001": 0.32616690240452617
      }
    }
  },
  "fusion": {
    "core": {
      "accuracy": 0.9988333333333334,
      "precision": 0.9980237154150198,
      "recall": 0.9882583170254403,
      "f1": 0.9931170108161259,
      "specificity": 0.999817817453088,
      "balanced_accuracy": 0.9940380672392641,
      "mcc": 0.992493998183922,
      "fpr": 0.00018218254691200583,
      "fnr": 0.011741682974559686,
      "n_samples": 30000,
      "auc": 0.9940033919466756
    },
    "additional": {
      "kappa": 0.9924796790183761,
      "tpr": 0.9882583170254403,
      "tnr": 0.999817817453088,
      "detection_rate": 0.9882583170254403,
      "miss_rate": 0.011741682974559686,
      "pr_auc": 0.991102009539062,
      "detection_at_fpr": {
        "0.05": 0.9882583170254403,
        "0.01": 0.9882583170254403,
        "0.001": 0.9882583170254403
      }
    }
  },
  "test": {
    "gat": {
      "test_01_known_vehicle_known_attack": {
        "core": {
          "accuracy": 0.9967315316405896,
          "precision": 0.9136468774094063,
          "recall": 0.7873754152823921,
          "f1": 0.8458244111349036,
          "specificity": 0.9991428593294405,
          "balanced_accuracy": 0.8932591373059162,
          "mcc": 0.8465676964012652,
          "fpr": 0.0008571406705595139,
          "fnr": 0.21262458471760798,
          "n_samples": 132172,
          "auc": 0.9278888586129023
        },
        "additional": {
          "kappa": 0.8441818676590799,
          "tpr": 0.7873754152823921,
          "tnr": 0.9991428593294405,
          "detection_rate": 0.7873754152823921,
          "miss_rate": 0.21262458471760798,
          "pr_auc": 0.8226724987348873,
          "detection_at_fpr": {
            "0.05": 0.8451827242524917,
            "0.01": 0.8186046511627907,
            "0.001": 0.7880398671096346
          }
        }
      },
      "test_02_unknown_vehicle_known_attack": {
        "core": {
          "accuracy": 0.023782170478367462,
          "precision": 0.023782170478367462,
          "recall": 1.0,
          "f1": 0.04645943475896854,
          "specificity": 0.0,
          "balanced_accuracy": 0.5,
          "mcc": 0.0,
          "fpr": 1.0,
          "fnr": 0.0,
          "n_samples": 84433,
          "auc": 0.5
        },
        "additional": {
          "kappa": 0.0,
          "tpr": 1.0,
          "tnr": 0.0,
          "detection_rate": 1.0,
          "miss_rate": 0.0,
          "pr_auc": 0.5118910852391837,
          "detection_at_fpr": {
            "0.05": 0.0,
            "0.01": 0.0,
            "0.001": 0.0
          }
        }
      },
      "test_03_known_vehicle_unknown_attack": {
        "core": {
          "accuracy": 0.9929777477751891,
          "precision": 0.5172855313700384,
          "recall": 0.8908489525909592,
          "f1": 0.6545159983799109,
          "specificity": 0.9937460601838028,
          "balanced_accuracy": 0.9422975063873811,
          "mcc": 0.6759126101059113,
          "fpr": 0.006253939816197206,
          "fnr": 0.10915104740904079,
          "n_samples": 121471,
          "auc": 0.9473604936987265
        },
        "additional": {
          "kappa": 0.6512208488134906,
          "tpr": 0.8908489525909592,
          "tnr": 0.9937460601838028,
          "detection_rate": 0.8908489525909592,
          "miss_rate": 0.10915104740904079,
          "pr_auc": 0.8876026970865635,
          "detection_at_fpr": {
            "0.05": 0.8996692392502756,
            "0.01": 0.8908489525909592,
            "0.001": 0.8776185226019846
          }
        }
      },
      "test_04_unknown_vehicle_unknown_attack": {
        "core": {
          "accuracy": 0.015223974104625665,
          "precision": 0.015223974104625665,
          "recall": 1.0,
          "f1": 0.029991360513432343,
          "specificity": 0.0,
          "balanced_accuracy": 0.5,
          "mcc": 0.0,
          "fpr": 1.0,
          "fnr": 0.0,
          "n_samples": 47885,
          "auc": 0.5
        },
        "additional": {
          "kappa": 0.0,
          "tpr": 1.0,
          "tnr": 0.0,
          "detection_rate": 1.0,
          "miss_rate": 0.0,
          "pr_auc": 0.5076119870523128,
          "detection_at_fpr": {
            "0.05": 0.0,
            "0.01": 0.0,
            "0.001": 0.0
          }
        }
      }
    },
    "vgae": {
      "test_01_known_vehicle_known_attack": {
        "core": {
          "accuracy": 0.8484096480343795,
          "precision": 0.04015087597399375,
          "recall": 0.5375415282392026,
          "f1": 0.07472060589267572,
          "specificity": 0.8519901734944554,
          "balanced_accuracy": 0.6947658508668291,
          "mcc": 0.1149777141576839,
          "fpr": 0.14800982650554462,
          "fnr": 0.46245847176079735,
          "n_samples": 132172,
          "auc": 0.7587591210718063,
          "threshold_from_val": 0.039579201489686966
        },
        "additional": {
          "kappa": 0.05468893672936059,
          "tpr": 0.5375415282392026,
          "tnr": 0.8519901734944554,
          "detection_rate": 0.5375415282392026,
          "miss_rate": 0.46245847176079735,
          "pr_auc": 0.20475782521191202,
          "detection_at_fpr": {
            "0.05": 0.3667774086378738,
            "0.01": 0.21794019933554817,
            "0.001": 0.14950166112956811
          }
        }
      },
      "test_02_unknown_vehicle_known_attack": {
        "core": {
          "accuracy": 0.023782170478367462,
          "precision": 0.023782170478367462,
          "recall": 1.0,
          "f1": 0.04645943475896854,
          "specificity": 0.0,
          "balanced_accuracy": 0.5,
          "mcc": 0.0,
          "fpr": 1.0,
          "fnr": 0.0,
          "n_samples": 84433,
          "auc": 0.43923906436734106,
          "threshold_from_val": 0.039579201489686966
        },
        "additional": {
          "kappa": 0.0,
          "tpr": 1.0,
          "tnr": 0.0,
          "detection_rate": 1.0,
          "miss_rate": 0.0,
          "pr_auc": 0.021212718569004006,
          "detection_at_fpr": {
            "0.05": 0.04282868525896414,
            "0.01": 0.00597609561752988,
            "0.001": 0.00049800796812749
          }
        }
      },