{
  "gat": {
    "core": {
      "accuracy": 0.9997593509350935,
      "precision": 1.0,
      "recall": 0.9991956796506951,
      "f1": 0.9995976780274728,
      "specificity": 1.0,
      "balanced_accuracy": 0.9995978398253476,
      "mcc": 0.9994261773037189,
      "fpr": 0.0,
      "fnr": 0.0008043203493048374,
      "n_samples": 29088,
      "auc": 0.9999977791638275
    },
    "additional": {
      "kappa": 0.9994260126675026,
      "tpr": 0.9991956796506951,
      "tnr": 1.0,
      "detection_rate": 0.9991956796506951,
      "miss_rate": 0.0008043203493048374,
      "pr_auc": 0.9999949843911157,
      "detection_at_fpr": {
        "0.05": 0.9998850970929565,
        "0.01": 0.9998850970929565,
        "0.001": 0.999770194185913
      }
    }
  },
  "vgae": {
    "core": {
      "accuracy": 0.7375893839383938,
      "precision": 0.538920413211116,
      "recall": 0.8512007353786051,
      "f1": 0.6599848545592232,
      "specificity": 0.6890851116016679,
      "balanced_accuracy": 0.7701429234901365,
      "mcc": 0.495546350204486,
      "fpr": 0.3109148883983321,
      "fnr": 0.14879926462139492,
      "n_samples": 29088,
      "auc": 0.8640262023721179,
      "optimal_threshold": 0.035462748259305954,
      "youden_j": 0.5404007498873165
    },
    "additional": {
      "kappa": 0.4633535089228278,
      "tpr": 0.8512007353786051,
      "tnr": 0.6890851116016679,
      "detection_rate": 0.8512007353786051,
      "miss_rate": 0.14879926462139492,
      "pr_auc": 0.7561650895713661,
      "detection_at_fpr": {
        "0.05": 0.4497299781684477,
        "0.01": 0.2854188210961737,
        "0.001": 0.19935654372055614
      }
    }
  },
  "fusion": {
    "core": {
      "accuracy": 0.9997593509350935,
      "precision": 1.0,
      "recall": 0.9991956796506951,
      "f1": 0.9995976780274728,
      "specificity": 1.0,
      "balanced_accuracy": 0.9995978398253476,
      "mcc": 0.9994261773037189,
      "fpr": 0.0,
      "fnr": 0.0008043203493048374,
      "n_samples": 29088,
      "auc": 0.9996781224893172
    },
    "additional": {
      "kappa": 0.9994260126675026,
      "tpr": 0.9991956796506951,
      "tnr": 1.0,
      "detection_rate": 0.9991956796506951,
      "miss_rate": 0.0008043203493048374,
      "pr_auc": 0.9996816930286822,
      "detection_at_fpr": {
        "0.05": 0.0,
        "0.01": 0.0,
        "0.001": 0.0
      }
    }
  },
  "test": {
    "gat": {
      "test_01_DoS": {
        "core": {
          "accuracy": 0.9997999399819946,
          "precision": 0.9997613934621808,
          "recall": 0.9997613934621808,
          "f1": 0.9997613934621808,
          "specificity": 0.9998277643816741,
          "balanced_accuracy": 0.9997945789219275,
          "mcc": 0.999589157843855,
          "fpr": 0.0001722356183258698,
          "fnr": 0.00023860653781913624,
          "n_samples": 9997,
          "auc": 0.9999998767103663
        },
        "additional": {
          "kappa": 0.999589157843855,
          "tpr": 0.9997613934621808,
          "tnr": 0.9998277643816741,
          "detection_rate": 0.9997613934621808,
          "miss_rate": 0.00023860653781913624,
          "pr_auc": 0.9999998293025817,
          "detection_at_fpr": {
            "0.05": 0.9997613934621808,
            "0.01": 0.9997613934621808,
            "0.001": 0.9997613934621808
          }
        }
      },
      "test_02_fuzzing": {
        "core": {
          "accuracy": 0.9995998799639892,
          "precision": 1.0,
          "recall": 0.999219664455716,
          "f1": 0.9996096799375488,
          "specificity": 1.0,
          "balanced_accuracy": 0.9996098322278579,
          "mcc": 0.9991995756156632,
          "fpr": 0.0,
          "fnr": 0.0007803355442840422,
          "n_samples": 9997,
          "auc": 0.9998013516577884
        },
        "additional": {
          "kappa": 0.9991992552761684,
          "tpr": 0.999219664455716,
          "tnr": 1.0,
          "detection_rate": 0.999219664455716,
          "miss_rate": 0.0007803355442840422,
          "pr_auc": 0.9998920468668102,
          "detection_at_fpr": {
            "0.05": 0.9996098322278579,
            "0.01": 0.999414748341787,
            "0.001": 0.0
          }
        }
      },
      "test_03_gear_spoofing": {
        "core": {
          "accuracy": 0.9988996699009703,
          "precision": 0.9998190045248869,
          "recall": 0.9981929887965305,
          "f1": 0.9990053350212497,
          "specificity": 0.9997759354694152,
          "balanced_accuracy": 0.9989844621329729,
          "mcc": 0.9977758777454806,
          "fpr": 0.00022406453058480843,
          "fnr": 0.0018070112034694614,
          "n_samples": 9997,
          "auc": 0.9998141163245546
        },
        "additional": {
          "kappa": 0.9977742232475922,
          "tpr": 0.9981929887965305,
          "tnr": 0.9997759354694152,
          "detection_rate": 0.9981929887965305,
          "miss_rate": 0.0018070112034694614,
          "pr_auc": 0.9998820402019674,
          "detection_at_fpr": {
            "0.05": 0.9992771955186122,
            "0.01": 0.9990964943982653,
            "0.001": 0.9985543910372244
          }
        }
      },
      "test_04_rpm_spoofing": {
        "core": {
          "accuracy": 1.0,
          "precision": 1.0,
          "recall": 1.0,
          "f1": 1.0,
          "specificity": 1.0,
          "balanced_accuracy": 1.0,
          "mcc": 1.0,
          "fpr": 0.0,
          "fnr": 0.0,
          "n_samples": 9997,
          "auc": 1.0
        },
        "additional": {
          "kappa": 1.0,
          "tpr": 1.0,
          "tnr": 1.0,
          "detection_rate": 1.0,
          "miss_rate": 0.0,
          "pr_auc": 1.0,
          "detection_at_fpr": {
            "0.05": 0.0,
            "0.01": 0.0,
            "0.001": 0.0
          }
        }
      }
    },
    "vgae": {
      "test_01_DoS": {
        "core": {
          "accuracy": 0.843853155946784,
          "precision": 0.7317589002467395,
          "recall": 0.9906943450250537,
          "f1": 0.8417638114546376,
          "specificity": 0.7378573889080262,
          "balanced_accuracy": 0.86427586696654,
          "mcc": 0.7256387370962756,
          "fpr": 0.26214261109197384,
          "fnr": 0.009305654974946313,
          "n_samples": 9997,
          "auc": 0.956236207485933,
          "threshold_from_val": 0.035462748259305954
        },
        "additional": {
          "kappa": 0.6943785618348524,
          "tpr": 0.9906943450250537,
          "tnr": 0.7378573889080262,
          "detection_rate": 0.9906943450250537,
          "miss_rate": 0.009305654974946313,
          "pr_auc": 0.9256509616732971,
          "detection_at_fpr": {
            "0.05": 0.7217847769028871,
            "0.01": 0.35647816750178957,
            "0.001": 0.025053686471009307
          }
        }
      },
      "test_02_fuzzing": {
        "core": {
          "accuracy": 0.8259477843353006,
          "precision": 0.7465773376055928,
          "recall": 1.0,
          "f1": 0.8549032688458973,
          "specificity": 0.6427838226236913,
          "balanced_accuracy": 0.8213919113118456,
          "mcc": 0.6927393701460463,
          "fpr": 0.3572161773763088,
          "fnr": 0.0,
          "n_samples": 9997,
          "auc": 0.9998047158635841,
          "threshold_from_val": 0.035462748259305954
        },
        "additional": {
          "kappa": 0.6485462257569596,
          "tpr": 1.0,
          "tnr": 0.6427838226236913,
          "detection_rate": 1.0,
          "miss_rate": 0.0,
          "pr_auc": 0.9998485933400674,
          "detection_at_fpr": {
            "0.05": 0.999219664455716,
            "0.01": 0.998634412797503,
            "0.001": 0.9957081545064378
          }
        }
      },
      "test_03_gear_spoofing": {
        "core": {
          "accuracy": 0.6806041812543763,
          "precision": 0.7962541128828144,
          "recall": 0.5684857246114926,
          "f1": 0.6633632050606221,