{
  "gat": {
    "core": {
      "accuracy": 0.6941709897471509,
      "precision": 0.050287907869481764,
      "recall": 0.8580786026200873,
      "f1": 0.09500785688383899,
      "specificity": 0.6910460808391957,
      "balanced_accuracy": 0.7745623417296414,
      "mcc": 0.1596015650245644,
      "fpr": 0.3089539191608042,
      "fnr": 0.14192139737991266,
      "n_samples": 24481,
      "auc": 0.8819223826074973
    },
    "additional": {
      "kappa": 0.061848566790829174,
      "tpr": 0.8580786026200873,
      "tnr": 0.6910460808391957,
      "detection_rate": 0.8580786026200873,
      "miss_rate": 0.14192139737991266,
      "pr_auc": 0.6136173559123094,
      "detection_at_fpr": {
        "0.05": 0.6746724890829694,
        "0.01": 0.5895196506550219,
        "0.001": 0.4978165938864629
      }
    }
  },
  "vgae": {
    "core": {
      "accuracy": 0.8926922919815367,
      "precision": 0.10749185667752444,
      "recall": 0.648471615720524,
      "f1": 0.1844147780192487,
      "specificity": 0.897348374474462,
      "balanced_accuracy": 0.772909995097493,
      "mcc": 0.23371976452640636,
      "fpr": 0.10265162552553803,
      "fnr": 0.35152838427947597,
      "n_samples": 24481,
      "auc": 0.8241468283579038,
      "optimal_threshold": 0.04829452559351921,
      "youden_j": 0.5480033963085231
    },
    "additional": {
      "kappa": 0.1573693581646478,
      "tpr": 0.648471615720524,
      "tnr": 0.897348374474462,
      "detection_rate": 0.648471615720524,
      "miss_rate": 0.35152838427947597,
      "pr_auc": 0.23592907733068819,
      "detection_at_fpr": {
        "0.05": 0.5655021834061136,
        "0.01": 0.39082969432314413,
        "0.001": 0.03711790393013101
      }
    }
  },
  "fusion": {
    "core": {
      "accuracy": 0.9891752787876312,
      "precision": 0.9488372093023256,
      "recall": 0.44541484716157204,
      "f1": 0.6062407132243685,
      "specificity": 0.9995421054822462,
      "balanced_accuracy": 0.7224784763219091,
      "mcc": 0.6461688681455521,
      "fpr": 0.00045789451775381923,
      "fnr": 0.5545851528384279,
      "n_samples": 24481,
      "auc": 0.7581513494982157
    },
    "additional": {
      "kappa": 0.6014770277833594,
      "tpr": 0.44541484716157204,
      "tnr": 0.9995421054822462,
      "detection_rate": 0.44541484716157204,
      "miss_rate": 0.5545851528384279,
      "pr_auc": 0.5085766314506608,
      "detection_at_fpr": {
        "0.05": 0.5349344978165939,
        "0.01": 0.44541484716157204,
        "0.001": 0.44541484716157204
      }
    }
  },
  "test": {
    "gat": {
      "test_01_known_vehicle_known_attack": {
        "core": {
          "accuracy": 0.7464134959892078,
          "precision": 0.4792626728110599,
          "recall": 0.8015659407878639,
          "f1": 0.5998626688029297,
          "specificity": 0.7292692666045522,
          "balanced_accuracy": 0.765417603696208,
          "mcc": 0.46153177256036315,
          "fpr": 0.2707307333954479,
          "fnr": 0.19843405921213605,
          "n_samples": 68939,
          "auc": 0.8684469313741555
        },
        "additional": {
          "kappa": 0.4309687585798807,
          "tpr": 0.8015659407878639,
          "tnr": 0.7292692666045522,
          "detection_rate": 0.8015659407878639,
          "miss_rate": 0.19843405921213605,
          "pr_auc": 0.8185283460482536,
          "detection_at_fpr": {
            "0.05": 0.6811230731587962,
            "0.01": 0.634573036457059,
            "0.001": 0.5710790310741375
          }
        }
      },
      "test_02_unknown_vehicle_known_attack": {
        "core": {
          "accuracy": 0.06053780740059756,
          "precision": 0.052045385989744064,
          "recall": 0.9902869757174393,
          "f1": 0.09889334685419514,
          "specificity": 0.009479936962056007,
          "balanced_accuracy": 0.4998834563397476,
          "mcc": -0.0005339982832396855,
          "fpr": 0.990520063037944,
          "fnr": 0.009713024282560706,
          "n_samples": 174040,
          "auc": 0.5822122251355908
        },
        "additional": {
          "kappa": -2.44873235815124e-05,
          "tpr": 0.9902869757174393,
          "tnr": 0.009479936962056007,
          "detection_rate": 0.9902869757174393,
          "miss_rate": 0.009713024282560706,
          "pr_auc": 0.20783900426345497,
          "detection_at_fpr": {
            "0.05": 0.21147902869757174,
            "0.01": 0.15794701986754967,
            "0.001": 0.10805739514348786
          }
        }
      },
      "test_03_known_vehicle_unknown_attack": {
        "core": {
          "accuracy": 0.7178027815478014,
          "precision": 0.22243423189347192,
          "recall": 0.9675083877803284,
          "f1": 0.36170985311107445,
          "specificity": 0.6953070314985682,
          "balanced_accuracy": 0.8314077096394483,
          "mcc": 0.38033430243873695,
          "fpr": 0.30469296850143174,
          "fnr": 0.032491612219671555,
          "n_samples": 68523,
          "auc": 0.9701010500196952
        },
        "additional": {
          "kappa": 0.26261180816930974,
          "tpr": 0.9675083877803284,
          "tnr": 0.6953070314985682,
          "detection_rate": 0.9675083877803284,
          "miss_rate": 0.032491612219671555,
          "pr_auc": 0.9099150345423239,
          "detection_at_fpr": {
            "0.05": 0.8929895814939078,
            "0.01": 0.8325975631290835,
            "0.001": 0.7635528871622814
          }
        }
      },
      "test_04_unknown_vehicle_unknown_attack": {
        "core": {
          "accuracy": 0.10972315590050724,
          "precision": 0.10685206984500686,
          "recall": 1.0,
          "f1": 0.1930738040901336,
          "specificity": 0.0035977620005198285,
          "balanced_accuracy": 0.5017988810002599,
          "mcc": 0.019606843615565875,
          "fpr": 0.9964022379994801,
          "fnr": 0.0,
          "n_samples": 81815,
          "auc": 0.929865011405598
        },
        "additional": {
          "kappa": 0.0007685611764510769,
          "tpr": 1.0,
          "tnr": 0.0035977620005198285,
          "detection_rate": 1.0,
          "miss_rate": 0.0,
          "pr_auc": 0.8317603728976352,
          "detection_at_fpr": {
            "0.05": 0.7899931145283452,
            "0.01": 0.663185678218958,
            "0.001": 0.5360339683268304
          }
        }
      }
    },
    "vgae": {
      "test_01_known_vehicle_known_attack": {
        "core": {
          "accuracy": 0.7540434296987192,
          "precision": 0.4731211317418214,
          "recall": 0.32731832640078296,
          "f1": 0.3869404873815894,
          "specificity": 0.8866916392538647,
          "balanced_accuracy": 0.6070049828273238,
          "mcc": 0.24579338012519444,
          "fpr": 0.11330836074613528,
          "fnr": 0.672681673599217,
          "n_samples": 68939,
          "auc": 0.6803114334073029,
          "threshold_from_val": 0.04829452559351921
        },
        "additional": {
          "kappa": 0.23943515295015716,
          "tpr": 0.32731832640078296,
          "tnr": 0.8866916392538647,
          "detection_rate": 0.32731832640078296,
          "miss_rate": 0.672681673599217,
          "pr_auc": 0.47352421658454785,
          "detection_at_fpr": {
            "0.05": 0.23152679226816736,
            "0.01": 0.1414851969659897,
            "0.001": 0.09126498654269635
          }
        }
      },
      "test_02_unknown_vehicle_known_attack": {
        "core": {
          "accuracy": 0.05205699839117444,
          "precision": 0.05205699839117444,
          "recall": 1.0,
          "f1": 0.09896231567449482,
          "specificity": 0.0,
          "balanced_accuracy": 0.5,
          "mcc": 0.0,
          "fpr": 1.0,
          "fnr": 0.0,
          "n_samples": 174040,
          "auc": 0.4769929698482417,
          "threshold_from_val": 0.04829452559351921
        },
        "additional": {
          "kappa": 0.0,
          "tpr": 1.0,