{
  "gat": {
    "core": {
      "accuracy": 1.0,
      "precision": 1.0,
      "recall": 1.0,
      "f1": 1.0,
      "specificity": 1.0,
      "balanced_accuracy": 1.0,
      "mcc": 1.0,
      "fpr": 0.0,
      "fnr": 0.0,
      "n_samples": 1873,
      "auc": 1.0
    },
    "additional": {
      "kappa": 1.0,
      "tpr": 1.0,
      "tnr": 1.0,
      "detection_rate": 1.0,
      "miss_rate": 0.0,
      "pr_auc": 1.0,
      "detection_at_fpr": {
        "0.05": 1.0,
        "0.01": 1.0,
        "0.001": 1.0
      }
    }
  },
  "vgae": {
    "core": {
      "accuracy": 0.6716497597437266,
      "precision": 0.2764127764127764,
      "recall": 0.896414342629482,
      "f1": 0.4225352112676056,
      "specificity": 0.6368680641183724,
      "balanced_accuracy": 0.7666412033739272,
      "mcc": 0.36648766287489354,
      "fpr": 0.3631319358816276,
      "fnr": 0.10358565737051793,
      "n_samples": 1873,
      "auc": 0.877552674628244,
      "optimal_threshold": 0.06194126978516579,
      "youden_j": 0.5372664704928743
    },
    "additional": {
      "kappa": 0.273764167460534,
      "tpr": 0.896414342629482,
      "tnr": 0.6368680641183724,
      "detection_rate": 0.896414342629482,
      "miss_rate": 0.10358565737051793,
      "pr_auc": 0.6738209861973226,
      "detection_at_fpr": {
        "0.05": 0.5179282868525896,
        "0.01": 0.4581673306772908,
        "0.001": 0.44223107569721115
      }
    }
  },
  "fusion": {
    "core": {
      "accuracy": 0.999466097170315,
      "precision": 1.0,
      "recall": 0.9960159362549801,
      "f1": 0.998003992015968,
      "specificity": 1.0,
      "balanced_accuracy": 0.99800796812749,
      "mcc": 0.9976984755238361,
      "fpr": 0.0,
      "fnr": 0.00398406374501992,
      "n_samples": 1873,
      "auc": 0.9969542299359897
    },
    "additional": {
      "kappa": 0.9976958270234095,
      "tpr": 0.9960159362549801,
      "tnr": 1.0,
      "detection_rate": 0.9960159362549801,
      "miss_rate": 0.00398406374501992,
      "pr_auc": 0.996685515196404,
      "detection_at_fpr": {
        "0.05": 0.0,
        "0.01": 0.0,
        "0.001": 0.0
      }
    }
  },
  "test": {
    "gat": {
      "test_01_known_vehicle_known_attack": {
        "core": {
          "accuracy": 0.99899849774662,
          "precision": 1.0,
          "recall": 0.9979253112033195,
          "f1": 0.9989615784008308,
          "specificity": 1.0,
          "balanced_accuracy": 0.9989626556016598,
          "mcc": 0.9979964694897662,
          "fpr": 0.0,
          "fnr": 0.002074688796680498,
          "n_samples": 3994,
          "auc": 0.9994622478941809
        },
        "additional": {
          "kappa": 0.9979944624265499,
          "tpr": 0.9979253112033195,
          "tnr": 1.0,
          "detection_rate": 0.9979253112033195,
          "miss_rate": 0.002074688796680498,
          "pr_auc": 0.9996322788567906,
          "detection_at_fpr": {
            "0.05": 0.9984439834024896,
            "0.01": 0.9984439834024896,
            "0.001": 0.0
          }
        }
      },
      "test_02_unknown_vehicle_known_attack": {
        "core": {
          "accuracy": 0.40515851692638366,
          "precision": 0.40515851692638366,
          "recall": 1.0,
          "f1": 0.5766730401529637,
          "specificity": 0.0,
          "balanced_accuracy": 0.5,
          "mcc": 0.0,
          "fpr": 1.0,
          "fnr": 0.0,
          "n_samples": 1861,
          "auc": 0.9992158652797846
        },
        "additional": {
          "kappa": 0.0,
          "tpr": 1.0,
          "tnr": 0.0,
          "detection_rate": 1.0,
          "miss_rate": 0.0,
          "pr_auc": 0.9984941683640915,
          "detection_at_fpr": {
            "0.05": 0.9986737400530504,
            "0.01": 0.9986737400530504,
            "0.001": 0.6246684350132626
          }
        }
      },
      "test_03_known_vehicle_unknown_attack": {
        "core": {
          "accuracy": 0.6718954248366014,
          "precision": 1.0,
          "recall": 0.13373597929249353,
          "f1": 0.2359208523592085,
          "specificity": 1.0,
          "balanced_accuracy": 0.5668679896462467,
          "mcc": 0.29582993709493616,
          "fpr": 0.0,
          "fnr": 0.8662640207075065,
          "n_samples": 3060,
          "auc": 0.9360592649343541
        },
        "additional": {
          "kappa": 0.16094550122216011,
          "tpr": 0.13373597929249353,
          "tnr": 1.0,
          "detection_rate": 0.13373597929249353,
          "miss_rate": 0.8662640207075065,
          "pr_auc": 0.9082480052984477,
          "detection_at_fpr": {
            "0.05": 0.6764452113891286,
            "0.01": 0.47886108714408976,
            "0.001": 0.31061259706643657
          }
        }
      },
      "test_04_unknown_vehicle_unknown_attack": {
        "core": {
          "accuracy": 0.39146800501882056,
          "precision": 0.39146800501882056,
          "recall": 1.0,
          "f1": 0.5626690712353472,
          "specificity": 0.0,
          "balanced_accuracy": 0.5,
          "mcc": 0.0,
          "fpr": 1.0,
          "fnr": 0.0,
          "n_samples": 797,
          "auc": 0.9851936293946603
        },
        "additional": {
          "kappa": 0.0,
          "tpr": 1.0,
          "tnr": 0.0,
          "detection_rate": 1.0,
          "miss_rate": 0.0,
          "pr_auc": 0.9807743874015454,
          "detection_at_fpr": {
            "0.05": 0.9326923076923077,
            "0.01": 0.8333333333333334,
            "0.001": 0.0
          }
        }
      }
    },
    "vgae": {
      "test_01_known_vehicle_known_attack": {
        "core": {
          "accuracy": 0.6690035052578869,
          "precision": 0.5948060075093867,
          "recall": 0.9859958506224067,
          "f1": 0.7419984387197502,
          "specificity": 0.37318489835430785,
          "balanced_accuracy": 0.6795903744883572,
          "mcc": 0.4488765255221486,
          "fpr": 0.6268151016456922,
          "fnr": 0.014004149377593362,
          "n_samples": 3994,
          "auc": 0.9263997622041109,
          "threshold_from_val": 0.06194126978516579
        },
        "additional": {
          "kappa": 0.35146091374049926,
          "tpr": 0.9859958506224067,
          "tnr": 0.37318489835430785,
          "detection_rate": 0.9859958506224067,
          "miss_rate": 0.014004149377593362,
          "pr_auc": 0.9375151839660716,
          "detection_at_fpr": {
            "0.05": 0.7422199170124482,
            "0.01": 0.6623443983402489,
            "0.001": 0.6052904564315352
          }
        }
      },
      "test_02_unknown_vehicle_known_attack": {
        "core": {
          "accuracy": 0.40515851692638366,
          "precision": 0.40515851692638366,
          "recall": 1.0,
          "f1": 0.5766730401529637,
          "specificity": 0.0,
          "balanced_accuracy": 0.5,
          "mcc": 0.0,
          "fpr": 1.0,
          "fnr": 0.0,
          "n_samples": 1861,
          "auc": 0.3870857983557731,
          "threshold_from_val": 0.06194126978516579
        },
        "additional": {
          "kappa": 0.0,
          "tpr": 1.0,
          "tnr": 0.0,
          "detection_rate": 1.0,
          "miss_rate": 0.0,
          "pr_auc": 0.49387660753320134,
          "detection_at_fpr": {
            "0.05": 0.24005305039787797,
            "0.01": 0.22281167108753316,
            "0.001": 0.033156498673740056
          }
        }
      },
      "test_03_known_vehicle_unknown_attack": {
        "core": {
          "accuracy": 0.6245098039215686,
          "precision": 0.5021739130434782,
          "recall": 0.996548748921484,
          "f1": 0.6678230702515178,
          "specificity": 0.3976854287217254,
          "balanced_accuracy": 0.6971170888216047,
          "mcc": 0.44260501908375405,
          "fpr": 0.6023145712782746,
          "fnr": 0.003451251078515962,
          "n_samples": 3060,
          "auc": 0.8641278669461919,