{
  "gat": {
    "core": {
      "accuracy": 0.7033209427719456,
      "precision": 0.05736958501365942,
      "recall": 0.962882096069869,
      "f1": 0.10828729281767956,
      "specificity": 0.6983723931232568,
      "balanced_accuracy": 0.8306272445965629,
      "mcc": 0.19304540918610716,
      "fpr": 0.3016276068767431,
      "fnr": 0.03711790393013101,
      "n_samples": 24481,
      "auc": 0.9590672475995076
    },
    "additional": {
      "kappa": 0.07564575959403874,
      "tpr": 0.962882096069869,
      "tnr": 0.6983723931232568,
      "detection_rate": 0.962882096069869,
      "miss_rate": 0.03711790393013101,
      "pr_auc": 0.6972949089512586,
      "detection_at_fpr": {
        "0.05": 0.8406113537117904,
        "0.01": 0.6790393013100436,
        "0.001": 0.4192139737991266
      }
    }
  },
  "vgae": {
    "core": {
      "accuracy": 0.8836648829704669,
      "precision": 0.09131326949384405,
      "recall": 0.5829694323144105,
      "f1": 0.15789473684210525,
      "specificity": 0.889397660575282,
      "balanced_accuracy": 0.7361835464448463,
      "mcc": 0.19735273518743582,
      "fpr": 0.11060233942471798,
      "fnr": 0.4170305676855895,
      "n_samples": 24481,
      "auc": 0.7788123172352841,
      "optimal_threshold": 0.05407818779349327,
      "youden_j": 0.47455049900322965
    },
    "additional": {
      "kappa": 0.12974216825982032,
      "tpr": 0.5829694323144105,
      "tnr": 0.889397660575282,
      "detection_rate": 0.5829694323144105,
      "miss_rate": 0.4170305676855895,
      "pr_auc": 0.19993956234874646,
      "detection_at_fpr": {
        "0.05": 0.4847161572052402,
        "0.01": 0.33624454148471616,
        "0.001": 0.043668122270742356
      }
    }
  },
  "fusion": {
    "core": {
      "accuracy": 0.9907683509660553,
      "precision": 0.9833333333333333,
      "recall": 0.5152838427947598,
      "f1": 0.6762177650429799,
      "specificity": 0.999833492902635,
      "balanced_accuracy": 0.7575586678486974,
      "mcc": 0.7083887228185081,
      "fpr": 0.00016650709736502518,
      "fnr": 0.4847161572052402,
      "n_samples": 24481,
      "auc": 0.77910870350412
    },
    "additional": {
      "kappa": 0.6719978980190655,
      "tpr": 0.5152838427947598,
      "tnr": 0.999833492902635,
      "detection_rate": 0.5152838427947598,
      "miss_rate": 0.4847161572052402,
      "pr_auc": 0.5763227378613811,
      "detection_at_fpr": {
        "0.05": 0.5327510917030568,
        "0.01": 0.5152838427947598,
        "0.001": 0.5152838427947598
      }
    }
  },
  "test": {
    "gat": {
      "test_01_known_vehicle_known_attack": {
        "core": {
          "accuracy": 0.7517660540477814,
          "precision": 0.48564458622630885,
          "recall": 0.7915341326156105,
          "f1": 0.6019584583536854,
          "specificity": 0.7394040805461011,
          "balanced_accuracy": 0.7654691065808558,
          "mcc": 0.4637509049365648,
          "fpr": 0.260595919453899,
          "fnr": 0.20846586738438952,
          "n_samples": 68939,
          "auc": 0.8588073302301736
        },
        "additional": {
          "kappa": 0.4362556756903957,
          "tpr": 0.7915341326156105,
          "tnr": 0.7394040805461011,
          "detection_rate": 0.7915341326156105,
          "miss_rate": 0.20846586738438952,
          "pr_auc": 0.7791941486587408,
          "detection_at_fpr": {
            "0.05": 0.6132248593100074,
            "0.01": 0.4802422314656227,
            "0.001": 0.30535845363347197
          }
        }
      },
      "test_02_unknown_vehicle_known_attack": {
        "core": {
          "accuracy": 0.05263732475293036,
          "precision": 0.05208722598152226,
          "recall": 1.0,
          "f1": 0.09901693451876786,
          "specificity": 0.000612195417626379,
          "balanced_accuracy": 0.5003060977088132,
          "mcc": 0.0056469072121611485,
          "fpr": 0.9993878045823736,
          "fnr": 0.0,
          "n_samples": 174040,
          "auc": 0.6102374286053003
        },
        "additional": {
          "kappa": 6.377308855709529e-05,
          "tpr": 1.0,
          "tnr": 0.000612195417626379,
          "detection_rate": 1.0,
          "miss_rate": 0.0,
          "pr_auc": 0.16059161415573925,
          "detection_at_fpr": {
            "0.05": 0.17240618101545255,
            "0.01": 0.10331125827814569,
            "0.001": 0.062472406181015454
          }
        }
      },
      "test_03_known_vehicle_unknown_attack": {
        "core": {
          "accuracy": 0.6971527808181195,
          "precision": 0.20795107033639143,
          "recall": 0.9486138089351933,
          "f1": 0.3411226822453645,
          "specificity": 0.6744988864142539,
          "balanced_accuracy": 0.8115563476747236,
          "mcc": 0.3540189987626669,
          "fpr": 0.3255011135857461,
          "fnr": 0.05138619106480664,
          "n_samples": 68523,
          "auc": 0.9538247699607316
        },
        "additional": {
          "kappa": 0.23779094393950406,
          "tpr": 0.9486138089351933,
          "tnr": 0.6744988864142539,
          "detection_rate": 0.9486138089351933,
          "miss_rate": 0.05138619106480664,
          "pr_auc": 0.8622592740106254,
          "detection_at_fpr": {
            "0.05": 0.8417799752781211,
            "0.01": 0.7526046265230443,
            "0.001": 0.6238742715874978
          }
        }
      },
      "test_04_unknown_vehicle_unknown_attack": {
        "core": {
          "accuracy": 0.10658192263032451,
          "precision": 0.10651639795132564,
          "recall": 1.0,
          "f1": 0.19252565646299835,
          "specificity": 8.20782205441786e-05,
          "balanced_accuracy": 0.5000410391102721,
          "mcc": 0.002956801718516208,
          "fpr": 0.9999179217794558,
          "fnr": 0.0,
          "n_samples": 81815,
          "auc": 0.7288107477144101
        },
        "additional": {
          "kappa": 1.7485199937605778e-05,
          "tpr": 1.0,
          "tnr": 8.20782205441786e-05,
          "detection_rate": 1.0,
          "miss_rate": 0.0,
          "pr_auc": 0.4183621571286888,
          "detection_at_fpr": {
            "0.05": 0.34989671792517785,
            "0.01": 0.22504016525131973,
            "0.001": 0.12244663759467524
          }
        }
      }
    },
    "vgae": {
      "test_01_known_vehicle_known_attack": {
        "core": {
          "accuracy": 0.7428161127953699,
          "precision": 0.4433699393542042,
          "recall": 0.3309273305603132,
          "f1": 0.37898423817863397,
          "specificity": 0.8708524272213877,
          "balanced_accuracy": 0.6008898788908504,
          "mcc": 0.2248624461173758,
          "fpr": 0.1291475727786123,
          "fnr": 0.6690726694396868,
          "n_samples": 68939,
          "auc": 0.6786044093764336,
          "threshold_from_val": 0.05407818779349327
        },
        "additional": {
          "kappa": 0.22110114844292894,
          "tpr": 0.3309273305603132,
          "tnr": 0.8708524272213877,
          "detection_rate": 0.3309273305603132,
          "miss_rate": 0.6690726694396868,
          "pr_auc": 0.44059417169293363,
          "detection_at_fpr": {
            "0.05": 0.19996329826278444,
            "0.01": 0.09542451676046,
            "0.001": 0.050709566919500855
          }
        }
      },
      "test_02_unknown_vehicle_known_attack": {
        "core": {
          "accuracy": 0.05205699839117444,
          "precision": 0.05205699839117444,
          "recall": 1.0,
          "f1": 0.09896231567449482,
          "specificity": 0.0,
          "balanced_accuracy": 0.5,
          "mcc": 0.0,
          "fpr": 1.0,
          "fnr": 0.0,
          "n_samples": 174040,
          "auc": 0.48091557288233744,
          "threshold_from_val": 0.05407818779349327
        },
        "additional": {
          "kappa": 0.0,
          "tpr": 1.0,
          "tnr": 0.0,
          "detection_rate": 1.0,
          "miss_rate": 0.0,