{
  "gat": {
    "core": {
      "accuracy": 0.9486398835131379,
      "precision": 0.2696196437168994,
      "recall": 0.9411764705882353,
      "f1": 0.41916167664670656,
      "specificity": 0.9487897917158964,
      "balanced_accuracy": 0.9449831311520658,
      "mcc": 0.48871822422084094,
      "fpr": 0.05121020828410357,
      "fnr": 0.058823529411764705,
      "n_samples": 30218,
      "auc": 0.9898597416213895
    },
    "additional": {
      "kappa": 0.40082001903492415,
      "tpr": 0.9411764705882353,
      "tnr": 0.9487897917158964,
      "detection_rate": 0.9411764705882353,
      "miss_rate": 0.058823529411764705,
      "pr_auc": 0.9028875701861386,
      "detection_at_fpr": {
        "0.05": 0.9394957983193277,
        "0.01": 0.8823529411764706,
        "0.001": 0.8184873949579832
      }
    }
  },
  "vgae": {
    "core": {
      "accuracy": 0.8280825997749686,
      "precision": 0.06323585263957462,
      "recall": 0.5596638655462185,
      "f1": 0.11363248592390376,
      "specificity": 0.8334739898052189,
      "balanced_accuracy": 0.6965689276757188,
      "mcc": 0.14398748898355954,
      "fpr": 0.16652601019478108,
      "fnr": 0.4403361344537815,
      "n_samples": 30218,
      "auc": 0.7455740018047525,
      "optimal_threshold": 0.05178900808095932,
      "youden_j": 0.394818527620345
    },
    "additional": {
      "kappa": 0.08112007763375151,
      "tpr": 0.5596638655462185,
      "tnr": 0.8334739898052189,
      "detection_rate": 0.5596638655462185,
      "miss_rate": 0.4403361344537815,
      "pr_auc": 0.26068334300464496,
      "detection_at_fpr": {
        "0.05": 0.3764705882352941,
        "0.01": 0.2504201680672269,
        "0.001": 0.16638655462184873
      }
    }
  },
  "fusion": {
    "core": {
      "accuracy": 0.9738666666666667,
      "precision": 0.41187214611872147,
      "recall": 0.7631133671742809,
      "f1": 0.534994068801898,
      "specificity": 0.9781019415825087,
      "balanced_accuracy": 0.8706076543783948,
      "mcc": 0.5492685123623569,
      "fpr": 0.021898058417491244,
      "fnr": 0.23688663282571912,
      "n_samples": 30000,
      "auc": 0.8755886623562581
    },
    "additional": {
      "kappa": 0.522782567198484,
      "tpr": 0.7631133671742809,
      "tnr": 0.9781019415825087,
      "detection_rate": 0.7631133671742809,
      "miss_rate": 0.23688663282571912,
      "pr_auc": 0.20431034668029954,
      "detection_at_fpr": {
        "0.05": 0.7631133671742809,
        "0.01": 0.0,
        "0.001": 0.0
      }
    }
  },
  "test": {
    "gat": {
      "test_01_known_vehicle_known_attack": {
        "core": {
          "accuracy": 0.9362064126850488,
          "precision": 0.3393733484333711,
          "recall": 0.9291989664082687,
          "f1": 0.4971657680077423,
          "specificity": 0.9364526027198286,
          "balanced_accuracy": 0.9328257845640486,
          "mcc": 0.5398942485841159,
          "fpr": 0.06354739728017139,
          "fnr": 0.07080103359173126,
          "n_samples": 57012,
          "auc": 0.97812824319854
        },
        "additional": {
          "kappa": 0.47085631653077165,
          "tpr": 0.9291989664082687,
          "tnr": 0.9364526027198286,
          "detection_rate": 0.9291989664082687,
          "miss_rate": 0.07080103359173126,
          "pr_auc": 0.9218185712711271,
          "detection_at_fpr": {
            "0.05": 0.924547803617571,
            "0.01": 0.9012919896640826,
            "0.001": 0.8671834625322997
          }
        }
      },
      "test_02_unknown_vehicle_known_attack": {
        "core": {
          "accuracy": 0.08705904253668828,
          "precision": 0.08698957428323197,
          "recall": 0.9998216833095578,
          "f1": 0.16005366522036996,
          "specificity": 8.495599279573182e-05,
          "balanced_accuracy": 0.49995331965117673,
          "mcc": -0.0027273996647652473,
          "fpr": 0.9999150440072043,
          "fnr": 0.0001783166904422254,
          "n_samples": 64462,
          "auc": 0.5081493308933875
        },
        "additional": {
          "kappa": -1.6245567470596356e-05,
          "tpr": 0.9998216833095578,
          "tnr": 8.495599279573182e-05,
          "detection_rate": 0.9998216833095578,
          "miss_rate": 0.0001783166904422254,
          "pr_auc": 0.5409042451326219,
          "detection_at_fpr": {
            "0.05": 0.0,
            "0.01": 0.0,
            "0.001": 0.0
          }
        }
      },
      "test_03_known_vehicle_unknown_attack": {
        "core": {
          "accuracy": 0.8717131935595969,
          "precision": 0.22098842664998436,
          "recall": 0.1882243239643,
          "f1": 0.2032947269980577,
          "specificity": 0.9368077845298961,
          "balanced_accuracy": 0.562516054247098,
          "mcc": 0.13453141831995902,
          "fpr": 0.06319221547010391,
          "fnr": 0.8117756760357,
          "n_samples": 86330,
          "auc": 0.6177413781923672
        },
        "additional": {
          "kappa": 0.13402098856408529,
          "tpr": 0.1882243239643,
          "tnr": 0.9368077845298961,
          "detection_rate": 0.1882243239643,
          "miss_rate": 0.8117756760357,
          "pr_auc": 0.203883754294288,
          "detection_at_fpr": {
            "0.05": 0.1678433462102038,
            "0.01": 0.0859198081790329,
            "0.001": 0.052883974956707075
          }
        }
      },
      "test_04_unknown_vehicle_unknown_attack": {
        "core": {
          "accuracy": 0.013315982205005598,
          "precision": 0.01123084273028536,
          "recall": 0.9840531561461794,
          "f1": 0.02220822649092027,
          "specificity": 0.0021351986346973603,
          "balanced_accuracy": 0.49309417739043837,
          "mcc": -0.03064107186803592,
          "fpr": 0.9978648013653026,
          "fnr": 0.015946843853820596,
          "n_samples": 132172,
          "auc": 0.4477133995378225
        },
        "additional": {
          "kappa": -0.00031525189325321,
          "tpr": 0.9840531561461794,
          "tnr": 0.0021351986346973603,
          "detection_rate": 0.9840531561461794,
          "miss_rate": 0.015946843853820596,
          "pr_auc": 0.3739570951790068,
          "detection_at_fpr": {
            "0.05": 0.0,
            "0.01": 0.0,
            "0.001": 0.0
          }
        }
      }
    },
    "vgae": {
      "test_01_known_vehicle_known_attack": {
        "core": {
          "accuracy": 0.81796814705676,
          "precision": 0.11971894423925772,
          "recall": 0.6868217054263566,
          "f1": 0.2038969008898435,
          "specificity": 0.8225756667937615,
          "balanced_accuracy": 0.7546986861100591,
          "mcc": 0.232939369556281,
          "fpr": 0.17742433320623854,
          "fnr": 0.31317829457364343,
          "n_samples": 57012,
          "auc": 0.8194825857846466,
          "threshold_from_val": 0.05178900808095932
        },
        "additional": {
          "kappa": 0.15505520032071174,
          "tpr": 0.6868217054263566,
          "tnr": 0.8225756667937615,
          "detection_rate": 0.6868217054263566,
          "miss_rate": 0.31317829457364343,
          "pr_auc": 0.5703897522546479,
          "detection_at_fpr": {
            "0.05": 0.6149870801033591,
            "0.01": 0.5183462532299742,
            "0.001": 0.39069767441860465
          }
        }
      },
      "test_02_unknown_vehicle_known_attack": {
        "core": {
          "accuracy": 0.08750891998386646,
          "precision": 0.08704154961275203,
          "recall": 1.0,
          "f1": 0.16014392392592486,
          "specificity": 0.00056070955245183,
          "balanced_accuracy": 0.5002803547762259,
          "mcc": 0.00698605957089402,
          "fpr": 0.9994392904475482,
          "fnr": 0.0,
          "n_samples": 64462,
          "auc": 0.7316123827564882,
          "threshold_from_val": 0.05178900808095932
        },
        "additional": {
          "kappa": 9.760529302704768e-05,