{
  "gat": {
    "core": {
      "accuracy": 0.999466097170315,
      "precision": 1.0,
      "recall": 0.9960159362549801,
      "f1": 0.998003992015968,
      "specificity": 1.0,
      "balanced_accuracy": 0.99800796812749,
      "mcc": 0.9976984755238361,
      "fpr": 0.0,
      "fnr": 0.00398406374501992,
      "n_samples": 1873,
      "auc": 1.0
    },
    "additional": {
      "kappa": 0.9976958270234095,
      "tpr": 0.9960159362549801,
      "tnr": 1.0,
      "detection_rate": 0.9960159362549801,
      "miss_rate": 0.00398406374501992,
      "pr_auc": 1.0,
      "detection_at_fpr": {
        "0.05": 1.0,
        "0.01": 1.0,
        "0.001": 0.0
      }
    }
  },
  "vgae": {
    "core": {
      "accuracy": 0.8152696209289909,
      "precision": 0.4144144144144144,
      "recall": 0.9163346613545816,
      "f1": 0.5707196029776674,
      "specificity": 0.7996300863131935,
      "balanced_accuracy": 0.8579823738338876,
      "mcc": 0.5341333907330748,
      "fpr": 0.2003699136868064,
      "fnr": 0.08366533864541832,
      "n_samples": 1873,
      "auc": 0.9385417638938698,
      "optimal_threshold": 0.04353594034910202,
      "youden_j": 0.7199488114127952
    },
    "additional": {
      "kappa": 0.47356355826187546,
      "tpr": 0.9163346613545816,
      "tnr": 0.7996300863131935,
      "detection_rate": 0.9163346613545816,
      "miss_rate": 0.08366533864541832,
      "pr_auc": 0.7769040541846812,
      "detection_at_fpr": {
        "0.05": 0.6135458167330677,
        "0.01": 0.49800796812749004,
        "0.001": 0.4541832669322709
      }
    }
  },
  "fusion": {
    "core": {
      "accuracy": 0.999466097170315,
      "precision": 1.0,
      "recall": 0.9960159362549801,
      "f1": 0.998003992015968,
      "specificity": 1.0,
      "balanced_accuracy": 0.99800796812749,
      "mcc": 0.9976984755238361,
      "fpr": 0.0,
      "fnr": 0.00398406374501992,
      "n_samples": 1873,
      "auc": 0.9967663255731698
    },
    "additional": {
      "kappa": 0.9976958270234095,
      "tpr": 0.9960159362549801,
      "tnr": 1.0,
      "detection_rate": 0.9960159362549801,
      "miss_rate": 0.00398406374501992,
      "pr_auc": 0.9966778186516843,
      "detection_at_fpr": {
        "0.05": 0.0,
        "0.01": 0.0,
        "0.001": 0.0
      }
    }
  },
  "test": {
    "gat": {
      "test_01_known_vehicle_known_attack": {
        "core": {
          "accuracy": 0.99899849774662,
          "precision": 1.0,
          "recall": 0.9979253112033195,
          "f1": 0.9989615784008308,
          "specificity": 1.0,
          "balanced_accuracy": 0.9989626556016598,
          "mcc": 0.9979964694897662,
          "fpr": 0.0,
          "fnr": 0.002074688796680498,
          "n_samples": 3994,
          "auc": 0.9992219917012449
        },
        "additional": {
          "kappa": 0.9979944624265499,
          "tpr": 0.9979253112033195,
          "tnr": 1.0,
          "detection_rate": 0.9979253112033195,
          "miss_rate": 0.002074688796680498,
          "pr_auc": 0.9995450968251377,
          "detection_at_fpr": {
            "0.05": 0.9984439834024896,
            "0.01": 0.9984439834024896,
            "0.001": 0.9984439834024896
          }
        }
      },
      "test_02_unknown_vehicle_known_attack": {
        "core": {
          "accuracy": 0.40515851692638366,
          "precision": 0.40515851692638366,
          "recall": 1.0,
          "f1": 0.5766730401529637,
          "specificity": 0.0,
          "balanced_accuracy": 0.5,
          "mcc": 0.0,
          "fpr": 1.0,
          "fnr": 0.0,
          "n_samples": 1861,
          "auc": 0.9951837714663618
        },
        "additional": {
          "kappa": 0.0,
          "tpr": 1.0,
          "tnr": 0.0,
          "detection_rate": 1.0,
          "miss_rate": 0.0,
          "pr_auc": 0.9929563060031409,
          "detection_at_fpr": {
            "0.05": 1.0,
            "0.01": 0.986737400530504,
            "0.001": 0.0
          }
        }
      },
      "test_03_known_vehicle_unknown_attack": {
        "core": {
          "accuracy": 0.8186274509803921,
          "precision": 1.0,
          "recall": 0.5211389128559103,
          "f1": 0.685195689166194,
          "specificity": 1.0,
          "balanced_accuracy": 0.7605694564279551,
          "mcc": 0.6351168405865932,
          "fpr": 0.0,
          "fnr": 0.47886108714408976,
          "n_samples": 3060,
          "auc": 0.9996577796800103
        },
        "additional": {
          "kappa": 0.5748625431445803,
          "tpr": 0.5211389128559103,
          "tnr": 1.0,
          "detection_rate": 0.5211389128559103,
          "miss_rate": 0.47886108714408976,
          "pr_auc": 0.9995330331125052,
          "detection_at_fpr": {
            "0.05": 0.998274374460742,
            "0.01": 0.996548748921484,
            "0.001": 0.9628990509059534
          }
        }
      },
      "test_04_unknown_vehicle_unknown_attack": {
        "core": {
          "accuracy": 0.39146800501882056,
          "precision": 0.39146800501882056,
          "recall": 1.0,
          "f1": 0.5626690712353472,
          "specificity": 0.0,
          "balanced_accuracy": 0.5,
          "mcc": 0.0,
          "fpr": 1.0,
          "fnr": 0.0,
          "n_samples": 797,
          "auc": 0.9969138250066084
        },
        "additional": {
          "kappa": 0.0,
          "tpr": 1.0,
          "tnr": 0.0,
          "detection_rate": 1.0,
          "miss_rate": 0.0,
          "pr_auc": 0.9972492773618045,
          "detection_at_fpr": {
            "0.05": 0.9935897435897436,
            "0.01": 0.9935897435897436,
            "0.001": 0.0
          }
        }
      }
    },
    "vgae": {
      "test_01_known_vehicle_known_attack": {
        "core": {
          "accuracy": 0.6767651477215824,
          "precision": 0.5989437713575645,
          "recall": 1.0,
          "f1": 0.7491742762774432,
          "specificity": 0.3751210067763795,
          "balanced_accuracy": 0.6875605033881897,
          "mcc": 0.4740004119345164,
          "fpr": 0.6248789932236205,
          "fnr": 0.0,
          "n_samples": 3994,
          "auc": 0.9718980590713909,
          "threshold_from_val": 0.04353594034910202
        },
        "additional": {
          "kappa": 0.36691552520217563,
          "tpr": 1.0,
          "tnr": 0.3751210067763795,
          "detection_rate": 1.0,
          "miss_rate": 0.0,
          "pr_auc": 0.9718226068525868,
          "detection_at_fpr": {
            "0.05": 0.8117219917012448,
            "0.01": 0.7302904564315352,
            "0.001": 0.671161825726141
          }
        }
      },
      "test_02_unknown_vehicle_known_attack": {
        "core": {
          "accuracy": 0.40515851692638366,
          "precision": 0.40515851692638366,
          "recall": 1.0,
          "f1": 0.5766730401529637,
          "specificity": 0.0,
          "balanced_accuracy": 0.5,
          "mcc": 0.0,
          "fpr": 1.0,
          "fnr": 0.0,
          "n_samples": 1861,
          "auc": 0.2672671377465322,
          "threshold_from_val": 0.04353594034910202
        },
        "additional": {
          "kappa": 0.0,
          "tpr": 1.0,
          "tnr": 0.0,
          "detection_rate": 1.0,
          "miss_rate": 0.0,
          "pr_auc": 0.3302081658133149,
          "detection_at_fpr": {
            "0.05": 0.058355437665782495,
            "0.01": 0.014588859416445624,
            "0.001": 0.002652519893899204
          }
        }
      },
      "test_03_known_vehicle_unknown_attack": {
        "core": {
          "accuracy": 0.6058823529411764,
          "precision": 0.4900634249471459,
          "recall": 1.0,
          "f1": 0.6577752553916004,
          "specificity": 0.3655970541820095,
          "balanced_accuracy": 0.6827985270910047,
          "mcc": 0.42327974735749263,
          "fpr": 0.6344029458179905,
          "fnr": 0.0,
          "n_samples": 3060,
          "auc": 0.9961311856663243,