{
  "gat": {
    "core": {
      "accuracy": 0.9997249724972497,
      "precision": 1.0,
      "recall": 0.9990807767436516,
      "f1": 0.9995401770318427,
      "specificity": 1.0,
      "balanced_accuracy": 0.9995403883718258,
      "mcc": 0.9993442079056306,
      "fpr": 0.0,
      "fnr": 0.0009192232563483856,
      "n_samples": 29088,
      "auc": 0.999999813990879
    },
    "additional": {
      "kappa": 0.9993439928740414,
      "tpr": 0.9990807767436516,
      "tnr": 1.0,
      "detection_rate": 0.9990807767436516,
      "miss_rate": 0.0009192232563483856,
      "pr_auc": 0.9999995646713719,
      "detection_at_fpr": {
        "0.05": 1.0,
        "0.01": 1.0,
        "0.001": 0.9998850970929565
      }
    }
  },
  "vgae": {
    "core": {
      "accuracy": 0.7686331133113311,
      "precision": 0.5796270885462911,
      "recall": 0.8251177754797197,
      "f1": 0.6809216764650105,
      "specificity": 0.7445180279617366,
      "balanced_accuracy": 0.7848179017207282,
      "mcc": 0.5275015852532637,
      "fpr": 0.25548197203826345,
      "fnr": 0.17488222452028035,
      "n_samples": 29088,
      "auc": 0.880807936817549,
      "optimal_threshold": 0.039774391800165176,
      "youden_j": 0.5697507063484997
    },
    "additional": {
      "kappa": 0.5079881665772354,
      "tpr": 0.8251177754797197,
      "tnr": 0.7445180279617366,
      "detection_rate": 0.8251177754797197,
      "miss_rate": 0.17488222452028035,
      "pr_auc": 0.7930193061051097,
      "detection_at_fpr": {
        "0.05": 0.5179823049523153,
        "0.01": 0.3578076525336091,
        "0.001": 0.24233023095484316
      }
    }
  },
  "fusion": {
    "core": {
      "accuracy": 0.9994843234323433,
      "precision": 1.0,
      "recall": 0.9982764563943468,
      "f1": 0.9991374849059859,
      "specificity": 1.0,
      "balanced_accuracy": 0.9991382281971735,
      "mcc": 0.9987704589084394,
      "fpr": 0.0,
      "fnr": 0.001723543605653223,
      "n_samples": 29088,
      "auc": 0.9988755579533821
    },
    "additional": {
      "kappa": 0.9987697030233634,
      "tpr": 0.9982764563943468,
      "tnr": 1.0,
      "detection_rate": 0.9982764563943468,
      "miss_rate": 0.001723543605653223,
      "pr_auc": 0.9990010051346645,
      "detection_at_fpr": {
        "0.05": 0.9982764563943468,
        "0.01": 0.9982764563943468,
        "0.001": 0.9982764563943468
      }
    }
  },
  "test": {
    "gat": {
      "test_01_DoS": {
        "core": {
          "accuracy": 0.9998999699909973,
          "precision": 1.0,
          "recall": 0.9997613934621808,
          "f1": 0.9998806824961222,
          "specificity": 1.0,
          "balanced_accuracy": 0.9998806967310905,
          "mcc": 0.9997945932006844,
          "fpr": 0.0,
          "fnr": 0.00023860653781913624,
          "n_samples": 9997,
          "auc": 0.9999999178069109
        },
        "additional": {
          "kappa": 0.9997945721047083,
          "tpr": 0.9997613934621808,
          "tnr": 1.0,
          "detection_rate": 0.9997613934621808,
          "miss_rate": 0.00023860653781913624,
          "pr_auc": 0.9999998861745778,
          "detection_at_fpr": {
            "0.05": 0.9997613934621808,
            "0.01": 0.9997613934621808,
            "0.001": 0.9997613934621808
          }
        }
      },
      "test_02_fuzzing": {
        "core": {
          "accuracy": 0.9997999399819946,
          "precision": 1.0,
          "recall": 0.9996098322278579,
          "f1": 0.9998048780487805,
          "specificity": 1.0,
          "balanced_accuracy": 0.999804916113929,
          "mcc": 0.9995997036677864,
          "fpr": 0.0,
          "fnr": 0.0003901677721420211,
          "n_samples": 9997,
          "auc": 0.9998140074795906
        },
        "additional": {
          "kappa": 0.999599623549216,
          "tpr": 0.9996098322278579,
          "tnr": 1.0,
          "detection_rate": 0.9996098322278579,
          "miss_rate": 0.0003901677721420211,
          "pr_auc": 0.9999037684404803,
          "detection_at_fpr": {
            "0.05": 0.9996098322278579,
            "0.01": 0.0,
            "0.001": 0.0
          }
        }
      },
      "test_03_gear_spoofing": {
        "core": {
          "accuracy": 0.9985995798739622,
          "precision": 0.9998189061934082,
          "recall": 0.9976508854354897,
          "f1": 0.9987337192474675,
          "specificity": 0.9997759354694152,
          "balanced_accuracy": 0.9987134104524524,
          "mcc": 0.9971703166005782,
          "fpr": 0.00022406453058480843,
          "fnr": 0.0023491145645103,
          "n_samples": 9997,
          "auc": 0.9998750113469616
        },
        "additional": {
          "kappa": 0.9971673774365233,
          "tpr": 0.9976508854354897,
          "tnr": 0.9997759354694152,
          "detection_rate": 0.9976508854354897,
          "miss_rate": 0.0023491145645103,
          "pr_auc": 0.999912575221112,
          "detection_at_fpr": {
            "0.05": 0.9992771955186122,
            "0.01": 0.9990964943982653,
            "0.001": 0.9987350921575714
          }
        }
      },
      "test_04_rpm_spoofing": {
        "core": {
          "accuracy": 0.9995998799639892,
          "precision": 1.0,
          "recall": 0.9992619926199262,
          "f1": 0.9996308600959763,
          "specificity": 1.0,
          "balanced_accuracy": 0.9996309963099631,
          "mcc": 0.999194408126169,
          "fpr": 0.0,
          "fnr": 0.0007380073800738007,
          "n_samples": 9997,
          "auc": 1.0
        },
        "additional": {
          "kappa": 0.9991940836371408,
          "tpr": 0.9992619926199262,
          "tnr": 1.0,
          "detection_rate": 0.9992619926199262,
          "miss_rate": 0.0007380073800738007,
          "pr_auc": 1.0,
          "detection_at_fpr": {
            "0.05": 0.0,
            "0.01": 0.0,
            "0.001": 0.0
          }
        }
      }
    },
    "vgae": {
      "test_01_DoS": {
        "core": {
          "accuracy": 0.8760628188456537,
          "precision": 0.7729289940828402,
          "recall": 0.9973753280839895,
          "f1": 0.8709240545890197,
          "specificity": 0.7884946606958319,
          "balanced_accuracy": 0.8929349943899108,
          "mcc": 0.7781631840080132,
          "fpr": 0.2115053393041681,
          "fnr": 0.0026246719160104987,
          "n_samples": 9997,
          "auc": 0.9897898511754393,
          "threshold_from_val": 0.039774391800165176
        },
        "additional": {
          "kappa": 0.7553633522726544,
          "tpr": 0.9973753280839895,
          "tnr": 0.7884946606958319,
          "detection_rate": 0.9973753280839895,
          "miss_rate": 0.0026246719160104987,
          "pr_auc": 0.9795426952866852,
          "detection_at_fpr": {
            "0.05": 0.9711286089238845,
            "0.01": 0.7575757575757576,
            "0.001": 0.10713433548079217
          }
        }
      },
      "test_02_fuzzing": {
        "core": {
          "accuracy": 0.8641592477743323,
          "precision": 0.7905613818630475,
          "recall": 1.0,
          "f1": 0.8830318690783807,
          "specificity": 0.7212071443235475,
          "balanced_accuracy": 0.8606035721617737,
          "mcc": 0.7550884164294444,
          "fpr": 0.27879285567645246,
          "fnr": 0.0,
          "n_samples": 9997,
          "auc": 0.9998663128696972,
          "threshold_from_val": 0.039774391800165176
        },
        "additional": {
          "kappa": 0.7262432558097704,
          "tpr": 1.0,
          "tnr": 0.7212071443235475,
          "detection_rate": 1.0,
          "miss_rate": 0.0,
          "pr_auc": 0.9998900969594637,
          "detection_at_fpr": {
            "0.05": 0.999219664455716,
            "0.01": 0.998439328911432,
            "0.001": 0.9970737417089348
          }
        }
      },
      "test_03_gear_spoofing": {
        "core": {
          "accuracy": 0.6916074822446734,